seed,base_id,variant_id,gold_label,original_name,replacement_name,name_category,original_prediction,variant_prediction,label_flip,original_correct,variant_correct,harmful_flip,beneficial_flip,original_gold_probability,variant_gold_probability,gold_probability_shift,abs_gold_probability_shift,total_variation_distance
2026,FLEXID-0087,FLEXID-0087__name_01,entailment,Martin,Seungwoo,masculine,contradiction,contradiction,0,0,0,0,0,0.20027954876422882,0.22993724048137665,0.029657691717147827,0.029657691717147827,0.029657674953341484
2026,FLEXID-0087,FLEXID-0087__name_02,entailment,Martin,Benoît,masculine,contradiction,contradiction,0,0,0,0,0,0.20027954876422882,0.23075230419635773,0.030472755432128906,0.030472755432128906,0.03047274425625801
2026,FLEXID-0087,FLEXID-0087__name_03,entailment,Martin,Sélim,masculine,contradiction,contradiction,0,0,0,0,0,0.20027954876422882,0.18619757890701294,-0.014081969857215881,0.014081969857215881,0.014082033187150955
2026,FLEXID-0087,FLEXID-0087__name_04,entailment,Martin,Souleymane,masculine,contradiction,contradiction,0,0,0,0,0,0.20027954876422882,0.25633862614631653,0.05605907738208771,0.05605907738208771,0.056059008464217186
2026,FLEXID-0088,FLEXID-0088__name_01,contradiction,Martin,Bernard,masculine,neutral,neutral,0,0,0,0,0,0.4212961196899414,0.4438776969909668,0.02258157730102539,0.02258157730102539,0.026245364919304848
2026,FLEXID-0088,FLEXID-0088__name_02,contradiction,Martin,Idrissa,masculine,neutral,contradiction,1,0,1,0,1,0.4212961196899414,0.5584924221038818,0.13719630241394043,0.13719630241394043,0.16341023705899715
2026,FLEXID-0088,FLEXID-0088__name_03,contradiction,Martin,Seojun,masculine,neutral,neutral,0,0,0,0,0,0.4212961196899414,0.40308234095573425,-0.018213778734207153,0.018213778734207153,0.02008242905139923
2026,FLEXID-0088,FLEXID-0088__name_04,contradiction,Martin,Firmin,masculine,neutral,contradiction,1,0,1,0,1,0.4212961196899414,0.5257024765014648,0.10440635681152344,0.10440635681152344,0.12505112402141094
2026,FLEXID-0097,FLEXID-0097__name_01,neutral,Martin,Lucas,masculine,contradiction,contradiction,0,0,0,0,0,0.32510900497436523,0.32106196880340576,-0.004047036170959473,0.004047036170959473,0.005795706063508987
2026,FLEXID-0097,FLEXID-0097__name_02,neutral,Martin,Ruben,masculine,contradiction,contradiction,0,0,0,0,0,0.32510900497436523,0.2826891839504242,-0.04241982102394104,0.04241982102394104,0.04241982847452164
2026,FLEXID-0097,FLEXID-0097__name_03,neutral,Martin,Seojun,masculine,contradiction,contradiction,0,0,0,0,0,0.32510900497436523,0.39949315786361694,0.07438415288925171,0.07438415288925171,0.07438414916396141
2026,FLEXID-0097,FLEXID-0097__name_04,neutral,Martin,Diego,masculine,contradiction,contradiction,0,0,0,0,0,0.32510900497436523,0.3027659058570862,-0.022343099117279053,0.022343099117279053,0.022343091666698456
2026,FLEXID-0128,FLEXID-0128__name_01,entailment,Sophie,Larissa,feminine,contradiction,contradiction,0,0,0,0,0,0.12929481267929077,0.15545305609703064,0.026158243417739868,0.026158243417739868,0.0789637491106987
2026,FLEXID-0128,FLEXID-0128__name_02,entailment,Sophie,Mélisande,feminine,contradiction,contradiction,0,0,0,0,0,0.12929481267929077,0.18514837324619293,0.05585356056690216,0.05585356056690216,0.13476956635713577
2026,FLEXID-0128,FLEXID-0128__name_03,entailment,Sophie,Isaline,feminine,contradiction,contradiction,0,0,0,0,0,0.12929481267929077,0.1584252566099167,0.029130443930625916,0.029130443930625916,0.0874125137925148
2026,FLEXID-0128,FLEXID-0128__name_04,entailment,Sophie,Maëlle,feminine,contradiction,contradiction,0,0,0,0,0,0.12929481267929077,0.17018455266952515,0.040889739990234375,0.040889739990234375,0.11379135400056839
2026,FLEXID-0163,FLEXID-0163__name_01,entailment,Rina,Mélisande,feminine,neutral,neutral,0,0,0,0,0,0.06288256496191025,0.09359390288591385,0.0307113379240036,0.0307113379240036,0.15021178871393204
2026,FLEXID-0163,FLEXID-0163__name_02,entailment,Rina,Montserrat,feminine,neutral,neutral,0,0,0,0,0,0.06288256496191025,0.05996556207537651,-0.002917002886533737,0.002917002886533737,0.021117588505148888
2026,FLEXID-0163,FLEXID-0163__name_03,entailment,Rina,Ximena,feminine,neutral,neutral,0,0,0,0,0,0.06288256496191025,0.07313081622123718,0.010248251259326935,0.010248251259326935,0.05701206997036934
2026,FLEXID-0163,FLEXID-0163__name_04,entailment,Rina,Frida,feminine,neutral,neutral,0,0,0,0,0,0.06288256496191025,0.06802134960889816,0.005138784646987915,0.005138784646987915,0.021033331751823425
2026,FLEXID-0165,FLEXID-0165__name_01,neutral,Nari,Meryem,feminine,neutral,neutral,0,1,1,0,0,0.9755354523658752,0.9748322367668152,-0.0007032155990600586,0.0007032155990600586,0.0007031986024230719
2026,FLEXID-0165,FLEXID-0165__name_02,neutral,Nari,Lucie,feminine,neutral,neutral,0,1,1,0,0,0.9755354523658752,0.9749554395675659,-0.0005800127983093262,0.0005800127983093262,0.0005945493467152119
2026,FLEXID-0165,FLEXID-0165__name_03,neutral,Nari,Aliénor,feminine,neutral,neutral,0,1,1,0,0,0.9755354523658752,0.9747086763381958,-0.0008267760276794434,0.0008267760276794434,0.0008268172387033701
2026,FLEXID-0165,FLEXID-0165__name_04,neutral,Nari,Manuela,feminine,neutral,neutral,0,1,1,0,0,0.9755354523658752,0.97510826587677,-0.0004271864891052246,0.0004271864891052246,0.00045651127584278584
2026,FLEXID-0182,FLEXID-0182__name_01,neutral,Julien,Zéphyr,masculine,neutral,neutral,0,1,1,0,0,0.9514681100845337,0.9505680203437805,-0.0009000897407531738,0.0009000897407531738,0.0009000478312373161
2026,FLEXID-0182,FLEXID-0182__name_02,neutral,Julien,Bruno,masculine,neutral,neutral,0,1,1,0,0,0.9514681100845337,0.9526812434196472,0.0012131333351135254,0.0012131333351135254,0.0012131137773394585
2026,FLEXID-0182,FLEXID-0182__name_03,neutral,Julien,Andrés,masculine,neutral,neutral,0,1,1,0,0,0.9514681100845337,0.9297232031822205,-0.021744906902313232,0.021744906902313232,0.021744929254055023
2026,FLEXID-0182,FLEXID-0182__name_04,neutral,Julien,Idrissa,masculine,neutral,neutral,0,1,1,0,0,0.9514681100845337,0.9385855197906494,-0.012882590293884277,0.012882590293884277,0.01288260705769062
2026,FLEXID-0228,FLEXID-0228__name_01,entailment,Amine,Thomas,masculine,contradiction,contradiction,0,0,0,0,0,0.4438227415084839,0.4429257810115814,-0.0008969604969024658,0.0008969604969024658,0.0008969325572252274
2026,FLEXID-0228,FLEXID-0228__name_02,entailment,Amine,Nadir,masculine,contradiction,contradiction,0,0,0,0,0,0.4438227415084839,0.4195390045642853,-0.02428373694419861,0.02428373694419861,0.02428374346345663
2026,FLEXID-0228,FLEXID-0228__name_03,entailment,Amine,Hans,masculine,contradiction,contradiction,0,0,0,0,0,0.4438227415084839,0.43345290422439575,-0.010369837284088135,0.010369837284088135,0.01036982610821724
2026,FLEXID-0228,FLEXID-0228__name_04,entailment,Amine,Laurent,masculine,contradiction,contradiction,0,0,0,0,0,0.4438227415084839,0.4442903995513916,0.00046765804290771484,0.00046765804290771484,0.0004676971584558487
2026,FLEXID-0229,FLEXID-0229__name_01,neutral,Amine,Sami,masculine,neutral,neutral,0,1,1,0,0,0.9689987897872925,0.9730743169784546,0.004075527191162109,0.004075527191162109,0.004075540462508798
2026,FLEXID-0229,FLEXID-0229__name_02,neutral,Amine,Jean,masculine,neutral,neutral,0,1,1,0,0,0.9689987897872925,0.9714248180389404,0.0024260282516479492,0.0024260282516479492,0.002426070859655738
2026,FLEXID-0229,FLEXID-0229__name_03,neutral,Amine,Balthazar,masculine,neutral,neutral,0,1,1,0,0,0.9689987897872925,0.9715145230293274,0.002515733242034912,0.002515733242034912,0.0025157269556075335
2026,FLEXID-0229,FLEXID-0229__name_04,neutral,Amine,Donghyun,masculine,neutral,neutral,0,1,1,0,0,0.9689987897872925,0.9721818566322327,0.0031830668449401855,0.0031830668449401855,0.003183080581948161
2026,FLEXID-0253,FLEXID-0253__name_01,entailment,Hyunwoo,Walid,masculine,entailment,entailment,0,1,1,0,0,0.6297801733016968,0.6228214502334595,-0.006958723068237305,0.006958723068237305,0.00695877056568861
2026,FLEXID-0253,FLEXID-0253__name_02,entailment,Hyunwoo,Marcel,masculine,entailment,entailment,0,1,1,0,0,0.6297801733016968,0.6107255816459656,-0.0190545916557312,0.0190545916557312,0.019054587930440903
2026,FLEXID-0253,FLEXID-0253__name_03,entailment,Hyunwoo,Marwan,masculine,entailment,entailment,0,1,1,0,0,0.6297801733016968,0.6266113519668579,-0.003168821334838867,0.003168821334838867,0.0031688129529356956
2026,FLEXID-0253,FLEXID-0253__name_04,entailment,Hyunwoo,Souleymane,masculine,entailment,entailment,0,1,1,0,0,0.6297801733016968,0.6425839066505432,0.012803733348846436,0.012803733348846436,0.012803712859749794
2026,FLEXID-0254,FLEXID-0254__name_01,contradiction,Bertrand,Adil,masculine,entailment,entailment,0,0,0,0,0,0.42963093519210815,0.4114401340484619,-0.01819080114364624,0.01819080114364624,0.018744223285466433
2026,FLEXID-0254,FLEXID-0254__name_02,contradiction,Bertrand,Gautier,masculine,entailment,entailment,0,0,0,0,0,0.42963093519210815,0.4298998713493347,0.0002689361572265625,0.0002689361572265625,0.0002688877284526825
2026,FLEXID-0254,FLEXID-0254__name_03,contradiction,Bertrand,Samy,masculine,entailment,entailment,0,0,0,0,0,0.42963093519210815,0.41431716084480286,-0.015313774347305298,0.015313774347305298,0.015853160060942173
2026,FLEXID-0254,FLEXID-0254__name_04,contradiction,Bertrand,Youssef,masculine,entailment,entailment,0,0,0,0,0,0.42963093519210815,0.4098217487335205,-0.019809186458587646,0.019809186458587646,0.020438952837139368
2026,FLEXID-0255,FLEXID-0255__name_01,neutral,Hélène,Abena,feminine,neutral,neutral,0,1,1,0,0,0.918235182762146,0.9180553555488586,-0.00017982721328735352,0.00017982721328735352,0.0002238638699054718
2026,FLEXID-0255,FLEXID-0255__name_02,neutral,Hélène,Daphné,feminine,neutral,neutral,0,1,1,0,0,0.918235182762146,0.9202038645744324,0.001968681812286377,0.001968681812286377,0.0019687041640281677
2026,FLEXID-0255,FLEXID-0255__name_03,neutral,Hélène,Ariane,feminine,neutral,neutral,0,1,1,0,0,0.918235182762146,0.9250493049621582,0.006814122200012207,0.006814122200012207,0.006814172957092524
2026,FLEXID-0255,FLEXID-0255__name_04,neutral,Hélène,Eugénie,feminine,neutral,neutral,0,1,1,0,0,0.918235182762146,0.9149618148803711,-0.0032733678817749023,0.0032733678817749023,0.003273352049291134
2026,FLEXID-0307,FLEXID-0307__name_01,contradiction,Adam,Émile,masculine,entailment,entailment,0,0,0,0,0,0.3832217752933502,0.36684951186180115,-0.016372263431549072,0.016372263431549072,0.016989620868116617
2026,FLEXID-0307,FLEXID-0307__name_02,contradiction,Adam,Seungwoo,masculine,entailment,entailment,0,0,0,0,0,0.3832217752933502,0.4028318226337433,0.019610047340393066,0.019610047340393066,0.020206778775900602
2026,FLEXID-0307,FLEXID-0307__name_03,contradiction,Adam,Hector,masculine,entailment,entailment,0,0,0,0,0,0.3832217752933502,0.36682960391044617,-0.016392171382904053,0.016392171382904053,0.01700672833248973
2026,FLEXID-0307,FLEXID-0307__name_04,contradiction,Adam,Marius,masculine,entailment,entailment,0,0,0,0,0,0.3832217752933502,0.3742610514163971,-0.008960723876953125,0.008960723876953125,0.009427961427718401
2026,FLEXID-0308,FLEXID-0308__name_01,neutral,Noé,Dongmin,masculine,contradiction,contradiction,0,0,0,0,0,0.047545794397592545,0.05009663850069046,0.0025508441030979156,0.0025508441030979156,0.014555590227246284
2026,FLEXID-0308,FLEXID-0308__name_02,neutral,Noé,Valentin,masculine,contradiction,contradiction,0,0,0,0,0,0.047545794397592545,0.04276984557509422,-0.0047759488224983215,0.0047759488224983215,0.015280354768037796
2026,FLEXID-0308,FLEXID-0308__name_03,neutral,Noé,Zinedine,masculine,contradiction,contradiction,0,0,0,0,0,0.047545794397592545,0.0456935316324234,-0.0018522627651691437,0.0018522627651691437,0.00906587578356266
2026,FLEXID-0308,FLEXID-0308__name_04,neutral,Noé,Kota,masculine,contradiction,contradiction,0,0,0,0,0,0.047545794397592545,0.05044998228549957,0.002904187887907028,0.002904187887907028,0.012589341029524803
2026,FLEXID-0321,FLEXID-0321__name_01,entailment,Hamza,Anis,masculine,entailment,entailment,0,1,1,0,0,0.6419286727905273,0.6417524218559265,-0.00017625093460083008,0.00017625093460083008,0.0002132011577486992
2026,FLEXID-0321,FLEXID-0321__name_02,entailment,Hamza,Rodrigo,masculine,entailment,entailment,0,1,1,0,0,0.6419286727905273,0.6416211128234863,-0.0003075599670410156,0.0003075599670410156,0.000307528767734766
2026,FLEXID-0321,FLEXID-0321__name_03,entailment,Hamza,Pierrick,masculine,entailment,entailment,0,1,1,0,0,0.6419286727905273,0.6397642493247986,-0.0021644234657287598,0.0021644234657287598,0.002164409961551428
2026,FLEXID-0321,FLEXID-0321__name_04,entailment,Hamza,Firmin,masculine,entailment,entailment,0,1,1,0,0,0.6419286727905273,0.6419246196746826,-4.0531158447265625e-06,4.0531158447265625e-06,7.050391286611557e-05
2026,FLEXID-0323,FLEXID-0323__name_01,neutral,Salissou,Zakaria,masculine,neutral,neutral,0,1,1,0,0,0.7328580617904663,0.6393634676933289,-0.09349459409713745,0.09349459409713745,0.0934946108609438
2026,FLEXID-0323,FLEXID-0323__name_02,neutral,Salissou,Julien,masculine,neutral,neutral,0,1,1,0,0,0.7328580617904663,0.5955917835235596,-0.13726627826690674,0.13726627826690674,0.13726630806922913
2026,FLEXID-0323,FLEXID-0323__name_03,neutral,Salissou,Kaito,masculine,neutral,neutral,0,1,1,0,0,0.7328580617904663,0.7052883505821228,-0.027569711208343506,0.027569711208343506,0.027569705620408058
2026,FLEXID-0323,FLEXID-0323__name_04,neutral,Salissou,Amaury,masculine,neutral,neutral,0,1,1,0,0,0.7328580617904663,0.5886253118515015,-0.14423274993896484,0.14423274993896484,0.1442327369004488
2026,FLEXID-0355,FLEXID-0355__name_01,contradiction,Nadir,Benoît,masculine,entailment,contradiction,1,0,1,0,1,0.46588334441185,0.5244718790054321,0.05858853459358215,0.05858853459358215,0.06389649119228125
2026,FLEXID-0355,FLEXID-0355__name_02,contradiction,Nadir,Emiliano,masculine,entailment,entailment,0,0,0,0,0,0.46588334441185,0.4691132605075836,0.0032299160957336426,0.0032299160957336426,0.003229905851185322
2026,FLEXID-0355,FLEXID-0355__name_03,contradiction,Nadir,Anis,masculine,entailment,entailment,0,0,0,0,0,0.46588334441185,0.4793241024017334,0.013440757989883423,0.013440757989883423,0.013440726324915886
2026,FLEXID-0355,FLEXID-0355__name_04,contradiction,Nadir,Donghyun,masculine,entailment,contradiction,1,0,1,0,1,0.46588334441185,0.5370234847068787,0.07114014029502869,0.07114014029502869,0.07639163266867399
2026,FLEXID-0356,FLEXID-0356__name_01,neutral,Beatriz,Imane,feminine,neutral,neutral,0,1,1,0,0,0.9759284853935242,0.9760786294937134,0.00015014410018920898,0.00015014410018920898,0.0001501208171248436
2026,FLEXID-0356,FLEXID-0356__name_02,neutral,Beatriz,Victoire,feminine,neutral,neutral,0,1,1,0,0,0.9759284853935242,0.9765824675559998,0.0006539821624755859,0.0006539821624755859,0.0006539539899677038
2026,FLEXID-0356,FLEXID-0356__name_03,neutral,Beatriz,Héloïse,feminine,neutral,neutral,0,1,1,0,0,0.9759284853935242,0.9764609336853027,0.0005324482917785645,0.0005324482917785645,0.0005324603989720345
2026,FLEXID-0356,FLEXID-0356__name_04,neutral,Beatriz,Shiori,feminine,neutral,neutral,0,1,1,0,0,0.9759284853935242,0.9761585593223572,0.0002300739288330078,0.0002300739288330078,0.0002890166360884905
2026,FLEXID-0364,FLEXID-0364__name_01,contradiction,Malik,Youssef,masculine,contradiction,contradiction,0,1,1,0,0,0.6679388880729675,0.6115191578865051,-0.0564197301864624,0.0564197301864624,0.07347530126571655
2026,FLEXID-0364,FLEXID-0364__name_02,contradiction,Malik,Amine,masculine,contradiction,contradiction,0,1,1,0,0,0.6679388880729675,0.6658738255500793,-0.0020650625228881836,0.0020650625228881836,0.006409658119082451
2026,FLEXID-0364,FLEXID-0364__name_03,contradiction,Malik,Thomas,masculine,contradiction,contradiction,0,1,1,0,0,0.6679388880729675,0.6548802256584167,-0.013058662414550781,0.013058662414550781,0.017614247277379036
2026,FLEXID-0364,FLEXID-0364__name_04,contradiction,Malik,Farid,masculine,contradiction,contradiction,0,1,1,0,0,0.6679388880729675,0.6379674077033997,-0.02997148036956787,0.02997148036956787,0.04070227965712547
2026,FLEXID-0365,FLEXID-0365__name_01,neutral,Farid,Théodore,masculine,contradiction,contradiction,0,0,0,0,0,0.13272668421268463,0.1516902595758438,0.01896357536315918,0.01896357536315918,0.01896357536315918
2026,FLEXID-0365,FLEXID-0365__name_02,neutral,Farid,Rémy,masculine,contradiction,contradiction,0,0,0,0,0,0.13272668421268463,0.17010194063186646,0.037375256419181824,0.037375256419181824,0.03737524896860123
2026,FLEXID-0365,FLEXID-0365__name_03,neutral,Farid,Nadir,masculine,contradiction,contradiction,0,0,0,0,0,0.13272668421268463,0.13441762328147888,0.0016909390687942505,0.0016909390687942505,0.0023465827107429504
2026,FLEXID-0365,FLEXID-0365__name_04,neutral,Farid,Benoît,masculine,contradiction,contradiction,0,0,0,0,0,0.13272668421268463,0.13458503782749176,0.001858353614807129,0.001858353614807129,0.0051014721393585205
2026,FLEXID-0373,FLEXID-0373__name_01,entailment,Amine,Octave,masculine,entailment,entailment,0,1,1,0,0,0.6503444314002991,0.6324214339256287,-0.01792299747467041,0.01792299747467041,0.01792298350483179
2026,FLEXID-0373,FLEXID-0373__name_02,entailment,Amine,Alejandro,masculine,entailment,entailment,0,1,1,0,0,0.6503444314002991,0.6327609419822693,-0.017583489418029785,0.017583489418029785,0.01758350245654583
2026,FLEXID-0373,FLEXID-0373__name_03,entailment,Amine,Takumi,masculine,entailment,entailment,0,1,1,0,0,0.6503444314002991,0.6266621351242065,-0.02368229627609253,0.02368229627609253,0.02368231862783432
2026,FLEXID-0373,FLEXID-0373__name_04,entailment,Amine,Seojun,masculine,entailment,entailment,0,1,1,0,0,0.6503444314002991,0.5963377356529236,-0.05400669574737549,0.05400669574737549,0.054006715305149555
2026,FLEXID-0374,FLEXID-0374__name_01,contradiction,Sofia,Prisca,feminine,neutral,neutral,0,0,0,0,0,0.024997757747769356,0.027782097458839417,0.0027843397110700607,0.0027843397110700607,0.0030191862024366856
2026,FLEXID-0374,FLEXID-0374__name_02,contradiction,Sofia,Aïssata,feminine,neutral,neutral,0,0,0,0,0,0.024997757747769356,0.041327718645334244,0.016329960897564888,0.016329960897564888,0.0186646138317883
2026,FLEXID-0374,FLEXID-0374__name_03,contradiction,Sofia,Yuna,feminine,neutral,neutral,0,0,0,0,0,0.024997757747769356,0.028559090569615364,0.0035613328218460083,0.0035613328218460083,0.003906720317900181
2026,FLEXID-0374,FLEXID-0374__name_04,contradiction,Sofia,Diane,feminine,neutral,neutral,0,0,0,0,0,0.024997757747769356,0.026073291897773743,0.001075534150004387,0.001075534150004387,0.0011012591421604156
2026,FLEXID-0375,FLEXID-0375__name_01,neutral,Ximena,Akari,feminine,neutral,neutral,0,1,1,0,0,0.9692212343215942,0.9693840146064758,0.0001627802848815918,0.0001627802848815918,0.00016274652443826199
2026,FLEXID-0375,FLEXID-0375__name_02,neutral,Ximena,Gloria,feminine,neutral,neutral,0,1,1,0,0,0.9692212343215942,0.9698198437690735,0.000598609447479248,0.000598609447479248,0.0005986103788018227
2026,FLEXID-0375,FLEXID-0375__name_03,neutral,Ximena,Isaline,feminine,neutral,neutral,0,1,1,0,0,0.9692212343215942,0.9692705273628235,4.929304122924805e-05,4.929304122924805e-05,0.00011199153959751129
2026,FLEXID-0375,FLEXID-0375__name_04,neutral,Ximena,Meryem,feminine,neutral,neutral,0,1,1,0,0,0.9692212343215942,0.9690570831298828,-0.00016415119171142578,0.00016415119171142578,0.00016417913138866425
2026,FLEXID-0386,FLEXID-0386__name_01,contradiction,Minho,Justin,masculine,entailment,entailment,0,0,0,0,0,0.462476909160614,0.4836483597755432,0.0211714506149292,0.0211714506149292,0.022133070044219494
2026,FLEXID-0386,FLEXID-0386__name_02,contradiction,Minho,Yacine,masculine,entailment,entailment,0,0,0,0,0,0.462476909160614,0.48698651790618896,0.02450960874557495,0.02450960874557495,0.025628715753555298
2026,FLEXID-0386,FLEXID-0386__name_03,contradiction,Minho,Enguerrand,masculine,entailment,entailment,0,0,0,0,0,0.462476909160614,0.48692432045936584,0.02444741129875183,0.02444741129875183,0.025247085839509964
2026,FLEXID-0386,FLEXID-0386__name_04,contradiction,Minho,Salim,masculine,entailment,entailment,0,0,0,0,0,0.462476909160614,0.4787404537200928,0.01626354455947876,0.01626354455947876,0.01676148548722267
2026,FLEXID-0387,FLEXID-0387__name_01,neutral,Salma,Martine,feminine,neutral,neutral,0,1,1,0,0,0.6007086634635925,0.615541398525238,0.014832735061645508,0.014832735061645508,0.014832727611064911
2026,FLEXID-0387,FLEXID-0387__name_02,neutral,Salma,Tainá,feminine,neutral,neutral,0,1,1,0,0,0.6007086634635925,0.5595336556434631,-0.041175007820129395,0.041175007820129395,0.041175005957484245
2026,FLEXID-0387,FLEXID-0387__name_03,neutral,Salma,Héloïse,feminine,neutral,neutral,0,1,1,0,0,0.6007086634635925,0.6285066604614258,0.027797996997833252,0.027797996997833252,0.027797982096672058
2026,FLEXID-0387,FLEXID-0387__name_04,neutral,Salma,Linda,feminine,neutral,neutral,0,1,1,0,0,0.6007086634635925,0.6038721799850464,0.0031635165214538574,0.0031635165214538574,0.003163490444421768
2026,FLEXID-0445,FLEXID-0445__name_01,entailment,Sofia,Mahaut,feminine,contradiction,contradiction,0,0,0,0,0,0.3876406252384186,0.26480546593666077,-0.12283515930175781,0.12283515930175781,0.1228352002799511
2026,FLEXID-0445,FLEXID-0445__name_02,entailment,Sofia,Coline,feminine,contradiction,contradiction,0,0,0,0,0,0.3876406252384186,0.42154088616371155,0.03390026092529297,0.03390026092529297,0.03390023112297058
2026,FLEXID-0445,FLEXID-0445__name_03,entailment,Sofia,Joséphine,feminine,contradiction,contradiction,0,0,0,0,0,0.3876406252384186,0.4131023585796356,0.02546173334121704,0.02546173334121704,0.025461727753281593
2026,FLEXID-0445,FLEXID-0445__name_04,entailment,Sofia,Mathilde,feminine,contradiction,contradiction,0,0,0,0,0,0.3876406252384186,0.4206697642803192,0.033029139041900635,0.033029139041900635,0.03302912786602974
2026,FLEXID-0446,FLEXID-0446__name_01,contradiction,Felipe,Esteban,masculine,neutral,neutral,0,0,0,0,0,0.034321535378694534,0.0324038527905941,-0.0019176825881004333,0.0019176825881004333,0.002196476561948657
2026,FLEXID-0446,FLEXID-0446__name_02,contradiction,Felipe,Émeric,masculine,neutral,neutral,0,0,0,0,0,0.034321535378694534,0.031841401010751724,-0.00248013436794281,0.00248013436794281,0.00276369065977633
2026,FLEXID-0446,FLEXID-0446__name_03,contradiction,Felipe,Wandrille,masculine,neutral,neutral,0,0,0,0,0,0.034321535378694534,0.032322268933057785,-0.0019992664456367493,0.0019992664456367493,0.0022667539305984974
2026,FLEXID-0446,FLEXID-0446__name_04,contradiction,Felipe,Minjun,masculine,neutral,neutral,0,0,0,0,0,0.034321535378694534,0.03460964933037758,0.00028811395168304443,0.00028811395168304443,0.00032711937092244625
2026,FLEXID-0449,FLEXID-0449__name_01,contradiction,Momoka,Miyu,feminine,entailment,entailment,0,0,0,0,0,0.4622751772403717,0.49014657735824585,0.027871400117874146,0.027871400117874146,0.028664903715252876
2026,FLEXID-0449,FLEXID-0449__name_02,contradiction,Momoka,Aïssatou,feminine,entailment,entailment,0,0,0,0,0,0.4622751772403717,0.4240649342536926,-0.03821024298667908,0.03821024298667908,0.03940614406019449
2026,FLEXID-0449,FLEXID-0449__name_03,contradiction,Momoka,Déborah,feminine,entailment,entailment,0,0,0,0,0,0.4622751772403717,0.441371351480484,-0.020903825759887695,0.020903825759887695,0.02130504883825779
2026,FLEXID-0449,FLEXID-0449__name_04,contradiction,Momoka,Yerin,feminine,entailment,entailment,0,0,0,0,0,0.4622751772403717,0.4748600125312805,0.012584835290908813,0.012584835290908813,0.012777268886566162
2026,FLEXID-0499,FLEXID-0499__name_01,entailment,Élodie,Muriel,feminine,entailment,entailment,0,1,1,0,0,0.6302892565727234,0.6321621537208557,0.0018728971481323242,0.0018728971481323242,0.0018772147595882416
2026,FLEXID-0499,FLEXID-0499__name_02,entailment,Élodie,Gaeun,feminine,entailment,entailment,0,1,1,0,0,0.6302892565727234,0.6036072969436646,-0.026681959629058838,0.026681959629058838,0.02668197825551033
2026,FLEXID-0499,FLEXID-0499__name_03,entailment,Élodie,Nora,feminine,entailment,entailment,0,1,1,0,0,0.6302892565727234,0.6250019073486328,-0.005287349224090576,0.005287349224090576,0.005287316627800465
2026,FLEXID-0499,FLEXID-0499__name_04,entailment,Élodie,Débora,feminine,entailment,entailment,0,1,1,0,0,0.6302892565727234,0.6346096992492676,0.0043204426765441895,0.0043204426765441895,0.004320415668189526
2026,FLEXID-0500,FLEXID-0500__name_01,contradiction,Élodie,Chloé,feminine,entailment,entailment,0,0,0,0,0,0.33770260214805603,0.3380246162414551,0.00032201409339904785,0.00032201409339904785,0.00032200850546360016
2026,FLEXID-0500,FLEXID-0500__name_02,contradiction,Élodie,Graziella,feminine,entailment,entailment,0,0,0,0,0,0.33770260214805603,0.3351916968822479,-0.0025109052658081055,0.0025109052658081055,0.002648693509399891
2026,FLEXID-0500,FLEXID-0500__name_03,contradiction,Élodie,Olympe,feminine,entailment,entailment,0,0,0,0,0,0.33770260214805603,0.338125079870224,0.00042247772216796875,0.00042247772216796875,0.00042245350778102875
2026,FLEXID-0500,FLEXID-0500__name_04,contradiction,Élodie,Yvette,feminine,entailment,entailment,0,0,0,0,0,0.33770260214805603,0.34251460433006287,0.004812002182006836,0.004812002182006836,0.005048567429184914
2026,FLEXID-0501,FLEXID-0501__name_01,neutral,Élodie,Prisca,feminine,entailment,entailment,0,0,0,0,0,0.02909725159406662,0.027888771146535873,-0.0012084804475307465,0.0012084804475307465,0.013108087703585625
2026,FLEXID-0501,FLEXID-0501__name_02,neutral,Élodie,Sama,feminine,entailment,contradiction,1,0,0,0,0,0.02909725159406662,0.03460247814655304,0.00550522655248642,0.00550522655248642,0.03522476181387901
2026,FLEXID-0501,FLEXID-0501__name_03,neutral,Élodie,Itzel,feminine,entailment,entailment,0,0,0,0,0,0.02909725159406662,0.030122781172394753,0.0010255295783281326,0.0010255295783281326,0.007194594480097294
2026,FLEXID-0501,FLEXID-0501__name_04,neutral,Élodie,Naomie,feminine,entailment,entailment,0,0,0,0,0,0.02909725159406662,0.02772841975092888,-0.001368831843137741,0.001368831843137741,0.008923640474677086
2026,FLEXID-0527,FLEXID-0527__name_01,contradiction,Élodie,Yvette,feminine,contradiction,contradiction,0,1,1,0,0,0.609639585018158,0.6339057683944702,0.024266183376312256,0.024266183376312256,0.027316434308886528
2026,FLEXID-0527,FLEXID-0527__name_02,contradiction,Élodie,Keiko,feminine,contradiction,contradiction,0,1,1,0,0,0.609639585018158,0.6421420574188232,0.03250247240066528,0.03250247240066528,0.03650875762104988
2026,FLEXID-0527,FLEXID-0527__name_03,contradiction,Élodie,Bertille,feminine,contradiction,contradiction,0,1,1,0,0,0.609639585018158,0.6337529420852661,0.024113357067108154,0.024113357067108154,0.026680825278162956
2026,FLEXID-0527,FLEXID-0527__name_04,contradiction,Élodie,Solène,feminine,contradiction,contradiction,0,1,1,0,0,0.609639585018158,0.604861319065094,-0.004778265953063965,0.004778265953063965,0.00564312469214201
2026,FLEXID-0528,FLEXID-0528__name_01,neutral,Murilo,Bruno,masculine,neutral,neutral,0,1,1,0,0,0.9777690172195435,0.9777759909629822,6.973743438720703e-06,6.973743438720703e-06,3.2023992389440536e-05
2026,FLEXID-0528,FLEXID-0528__name_02,neutral,Murilo,Amir,masculine,neutral,neutral,0,1,1,0,0,0.9777690172195435,0.9775620102882385,-0.00020700693130493164,0.00020700693130493164,0.00020703976042568684
2026,FLEXID-0528,FLEXID-0528__name_03,neutral,Murilo,Adil,masculine,neutral,neutral,0,1,1,0,0,0.9777690172195435,0.9777161478996277,-5.2869319915771484e-05,5.2869319915771484e-05,5.2863964810967445e-05
2026,FLEXID-0528,FLEXID-0528__name_04,neutral,Murilo,Mateo,masculine,neutral,neutral,0,1,1,0,0,0.9777690172195435,0.9777072668075562,-6.175041198730469e-05,6.175041198730469e-05,6.178440526127815e-05
2026,FLEXID-0562,FLEXID-0562__name_01,entailment,Chloé,Cecília,feminine,entailment,entailment,0,1,1,0,0,0.6416844129562378,0.6327836513519287,-0.008900761604309082,0.008900761604309082,0.008900732733309269
2026,FLEXID-0562,FLEXID-0562__name_02,entailment,Chloé,Frida,feminine,entailment,entailment,0,1,1,0,0,0.6416844129562378,0.6237821578979492,-0.017902255058288574,0.017902255058288574,0.017902215011417866
2026,FLEXID-0562,FLEXID-0562__name_03,entailment,Chloé,Soojin,feminine,entailment,entailment,0,1,1,0,0,0.6416844129562378,0.6233307123184204,-0.018353700637817383,0.018353700637817383,0.018353702500462532
2026,FLEXID-0562,FLEXID-0562__name_04,entailment,Chloé,Christine,feminine,entailment,entailment,0,1,1,0,0,0.6416844129562378,0.6370253562927246,-0.004659056663513184,0.004659056663513184,0.004659000784158707
2026,FLEXID-0593,FLEXID-0593__name_01,contradiction,Sofia,Bruna,feminine,neutral,neutral,0,0,0,0,0,0.10027799755334854,0.1301177740097046,0.02983977645635605,0.02983977645635605,0.03451136127114296
2026,FLEXID-0593,FLEXID-0593__name_02,contradiction,Sofia,Nadège,feminine,neutral,neutral,0,0,0,0,0,0.10027799755334854,0.18362723290920258,0.08334923535585403,0.08334923535585403,0.09564619325101376
2026,FLEXID-0593,FLEXID-0593__name_03,contradiction,Sofia,Juliana,feminine,neutral,neutral,0,0,0,0,0,0.10027799755334854,0.13645263016223907,0.03617463260889053,0.03617463260889053,0.041567958891391754
2026,FLEXID-0593,FLEXID-0593__name_04,contradiction,Sofia,Léonie,feminine,neutral,neutral,0,0,0,0,0,0.10027799755334854,0.19383519887924194,0.0935572013258934,0.0935572013258934,0.10794296022504568
2026,FLEXID-0622,FLEXID-0622__name_01,entailment,Sofia,Félicie,feminine,contradiction,contradiction,0,0,0,0,0,0.4204787015914917,0.426642507314682,0.006163805723190308,0.006163805723190308,0.006163799203932285
2026,FLEXID-0622,FLEXID-0622__name_02,entailment,Sofia,Momoka,feminine,contradiction,contradiction,0,0,0,0,0,0.4204787015914917,0.42256370186805725,0.0020850002765655518,0.0020850002765655518,0.0020849723368883133
2026,FLEXID-0622,FLEXID-0622__name_03,entailment,Sofia,Naomie,feminine,contradiction,contradiction,0,0,0,0,0,0.4204787015914917,0.4232601523399353,0.0027814507484436035,0.0027814507484436035,0.0027814460918307304
2026,FLEXID-0622,FLEXID-0622__name_04,entailment,Sofia,Béatrice,feminine,contradiction,contradiction,0,0,0,0,0,0.4204787015914917,0.4234107434749603,0.002932041883468628,0.002932041883468628,0.0029320213943719864
2026,FLEXID-0623,FLEXID-0623__name_01,contradiction,Pacôme,Bilal,masculine,contradiction,contradiction,0,1,1,0,0,0.655203640460968,0.6563493013381958,0.0011456608772277832,0.0011456608772277832,0.003516867756843567
2026,FLEXID-0623,FLEXID-0623__name_02,contradiction,Pacôme,Felipe,masculine,contradiction,contradiction,0,1,1,0,0,0.655203640460968,0.6836604475975037,0.028456807136535645,0.028456807136535645,0.05302118510007858
2026,FLEXID-0623,FLEXID-0623__name_03,contradiction,Pacôme,Numa,masculine,contradiction,contradiction,0,1,1,0,0,0.655203640460968,0.6825612187385559,0.02735757827758789,0.02735757827758789,0.06195986270904541
2026,FLEXID-0623,FLEXID-0623__name_04,contradiction,Pacôme,Diego,masculine,contradiction,contradiction,0,1,1,0,0,0.655203640460968,0.6403624415397644,-0.014841198921203613,0.014841198921203613,0.03147503733634949
2026,FLEXID-0796,FLEXID-0796__name_01,entailment,Yvette,Fabiana,feminine,contradiction,entailment,1,0,1,0,1,0.4692332148551941,0.5139972567558289,0.044764041900634766,0.044764041900634766,0.044763981364667416
2026,FLEXID-0796,FLEXID-0796__name_02,entailment,Yvette,Félicie,feminine,contradiction,entailment,1,0,1,0,1,0.4692332148551941,0.5191534161567688,0.04992020130157471,0.04992020130157471,0.049920203164219856
2026,FLEXID-0796,FLEXID-0796__name_03,entailment,Yvette,Mariam,feminine,contradiction,entailment,1,0,1,0,1,0.4692332148551941,0.5114539861679077,0.04222077131271362,0.04222077131271362,0.042220753617584705
2026,FLEXID-0796,FLEXID-0796__name_04,entailment,Yvette,Samia,feminine,contradiction,entailment,1,0,1,0,1,0.4692332148551941,0.49657708406448364,0.02734386920928955,0.02734386920928955,0.027343853376805782
2026,FLEXID-0798,FLEXID-0798__name_01,neutral,Donghyun,Hamza,masculine,neutral,neutral,0,1,1,0,0,0.934396505355835,0.9588374495506287,0.0244409441947937,0.0244409441947937,0.024440899956971407
2026,FLEXID-0798,FLEXID-0798__name_02,neutral,Donghyun,Dimitri,masculine,neutral,neutral,0,1,1,0,0,0.934396505355835,0.9655224680900574,0.031125962734222412,0.031125962734222412,0.031125965295359492
2026,FLEXID-0798,FLEXID-0798__name_03,neutral,Donghyun,Didier,masculine,neutral,neutral,0,1,1,0,0,0.934396505355835,0.9648593664169312,0.03046286106109619,0.03046286106109619,0.030462872236967087
2026,FLEXID-0798,FLEXID-0798__name_04,neutral,Donghyun,Kilian,masculine,neutral,neutral,0,1,1,0,0,0.934396505355835,0.9612372517585754,0.02684074640274048,0.02684074640274048,0.026840764563530684
2026,FLEXID-0868,FLEXID-0868__name_01,entailment,Juliette,Aïcha,feminine,entailment,entailment,0,1,1,0,0,0.6429244875907898,0.6357243061065674,-0.007200181484222412,0.007200181484222412,0.007200159132480621
2026,FLEXID-0868,FLEXID-0868__name_02,entailment,Juliette,Yejin,feminine,entailment,entailment,0,1,1,0,0,0.6429244875907898,0.567582368850708,-0.07534211874008179,0.07534211874008179,0.07534211315214634
2026,FLEXID-0868,FLEXID-0868__name_03,entailment,Juliette,Flavie,feminine,entailment,entailment,0,1,1,0,0,0.6429244875907898,0.6489705443382263,0.0060460567474365234,0.0060460567474365234,0.006046087481081486
2026,FLEXID-0868,FLEXID-0868__name_04,entailment,Juliette,Yuna,feminine,entailment,entailment,0,1,1,0,0,0.6429244875907898,0.6175673604011536,-0.02535712718963623,0.02535712718963623,0.025357083417475224
2026,FLEXID-0869,FLEXID-0869__name_01,contradiction,Sofia,Aline,feminine,entailment,entailment,0,0,0,0,0,0.4275725483894348,0.39891207218170166,-0.028660476207733154,0.028660476207733154,0.030131754465401173
2026,FLEXID-0869,FLEXID-0869__name_02,contradiction,Sofia,Christine,feminine,entailment,entailment,0,0,0,0,0,0.4275725483894348,0.4534887671470642,0.025916218757629395,0.025916218757629395,0.026837075129151344
2026,FLEXID-0869,FLEXID-0869__name_03,contradiction,Sofia,Marina,feminine,entailment,entailment,0,0,0,0,0,0.4275725483894348,0.43227243423461914,0.004699885845184326,0.004699885845184326,0.004699910059571266
2026,FLEXID-0869,FLEXID-0869__name_04,contradiction,Sofia,Léonie,feminine,entailment,entailment,0,0,0,0,0,0.4275725483894348,0.3944743275642395,-0.03309822082519531,0.03309822082519531,0.03465265687555075
2026,FLEXID-0870,FLEXID-0870__name_01,neutral,Sakura,Tomoko,feminine,neutral,neutral,0,1,1,0,0,0.9610620737075806,0.960844099521637,-0.00021797418594360352,0.00021797418594360352,0.00021794834174215794
2026,FLEXID-0870,FLEXID-0870__name_02,neutral,Sakura,Araceli,feminine,neutral,neutral,0,1,1,0,0,0.9610620737075806,0.9589981436729431,-0.002063930034637451,0.002063930034637451,0.0020638909190893173
2026,FLEXID-0870,FLEXID-0870__name_03,neutral,Sakura,Roxane,feminine,neutral,neutral,0,1,1,0,0,0.9610620737075806,0.9606591463088989,-0.0004029273986816406,0.0004029273986816406,0.0004028861876577139
2026,FLEXID-0870,FLEXID-0870__name_04,neutral,Sakura,Solange,feminine,neutral,neutral,0,1,1,0,0,0.9610620737075806,0.9616926312446594,0.0006305575370788574,0.0006305575370788574,0.0006305580027401447
2026,FLEXID-0871,FLEXID-0871__name_01,entailment,Andrés,Idriss,masculine,entailment,entailment,0,1,1,0,0,0.5834243893623352,0.5561806559562683,-0.027243733406066895,0.027243733406066895,0.02724372036755085
2026,FLEXID-0871,FLEXID-0871__name_02,entailment,Andrés,Kaito,masculine,entailment,contradiction,1,1,0,1,0,0.5834243893623352,0.4518768787384033,-0.13154751062393188,0.13154751062393188,0.131547499448061
2026,FLEXID-0871,FLEXID-0871__name_03,entailment,Andrés,Abel,masculine,entailment,entailment,0,1,1,0,0,0.5834243893623352,0.5376353859901428,-0.04578900337219238,0.04578900337219238,0.04578895773738623
2026,FLEXID-0871,FLEXID-0871__name_04,entailment,Andrés,Haruto,masculine,entailment,contradiction,1,1,0,1,0,0.5834243893623352,0.4254706799983978,-0.15795370936393738,0.15795370936393738,0.15795368235558271
2026,FLEXID-0872,FLEXID-0872__name_01,contradiction,Soojin,Martine,feminine,entailment,entailment,0,0,0,0,0,0.3998258113861084,0.4087826609611511,0.008956849575042725,0.008956849575042725,0.009107278194278479
2026,FLEXID-0872,FLEXID-0872__name_02,contradiction,Soojin,Aïssatou,feminine,entailment,entailment,0,0,0,0,0,0.3998258113861084,0.3881527781486511,-0.011673033237457275,0.011673033237457275,0.011964785866439342
2026,FLEXID-0872,FLEXID-0872__name_03,contradiction,Soojin,Estelle,feminine,entailment,entailment,0,0,0,0,0,0.3998258113861084,0.3844105005264282,-0.015415310859680176,0.015415310859680176,0.015607430133968592
2026,FLEXID-0872,FLEXID-0872__name_04,contradiction,Soojin,Irène,feminine,entailment,entailment,0,0,0,0,0,0.3998258113861084,0.3608936071395874,-0.038932204246520996,0.038932204246520996,0.039727560710161924
2026,FLEXID-0913,FLEXID-0913__name_01,entailment,Mariana,Adelaïde,feminine,entailment,entailment,0,1,1,0,0,0.5576777458190918,0.5922017097473145,0.034523963928222656,0.034523963928222656,0.03452397044748068
2026,FLEXID-0913,FLEXID-0913__name_02,entailment,Mariana,Citlali,feminine,entailment,entailment,0,1,1,0,0,0.5576777458190918,0.48674893379211426,-0.07092881202697754,0.07092881202697754,0.07092880643904209
2026,FLEXID-0913,FLEXID-0913__name_03,entailment,Mariana,Mathilde,feminine,entailment,entailment,0,1,1,0,0,0.5576777458190918,0.5565674304962158,-0.0011103153228759766,0.0011103153228759766,0.0026754653081297874
2026,FLEXID-0913,FLEXID-0913__name_04,entailment,Mariana,Dorcas,feminine,entailment,entailment,0,1,1,0,0,0.5576777458190918,0.5116491317749023,-0.04602861404418945,0.04602861404418945,0.04602864198386669
2027,FLEXID-0087,FLEXID-0087__name_01,entailment,Martin,Seungwoo,masculine,contradiction,contradiction,0,0,0,0,0,0.14137987792491913,0.17733363807201385,0.03595376014709473,0.03595376014709473,0.0359538272023201
2027,FLEXID-0087,FLEXID-0087__name_02,entailment,Martin,Benoît,masculine,contradiction,contradiction,0,0,0,0,0,0.14137987792491913,0.15074390172958374,0.009364023804664612,0.009364023804664612,0.013399176299571991
2027,FLEXID-0087,FLEXID-0087__name_03,entailment,Martin,Sélim,masculine,contradiction,contradiction,0,0,0,0,0,0.14137987792491913,0.13825824856758118,-0.0031216293573379517,0.0031216293573379517,0.004588793963193893
2027,FLEXID-0087,FLEXID-0087__name_04,entailment,Martin,Souleymane,masculine,contradiction,contradiction,0,0,0,0,0,0.14137987792491913,0.16665901243686676,0.025279134511947632,0.025279134511947632,0.027167130261659622
2027,FLEXID-0088,FLEXID-0088__name_01,contradiction,Martin,Bernard,masculine,contradiction,contradiction,0,1,1,0,0,0.6966766119003296,0.6930642127990723,-0.0036123991012573242,0.0036123991012573242,0.0037208087742328644
2027,FLEXID-0088,FLEXID-0088__name_02,contradiction,Martin,Idrissa,masculine,contradiction,contradiction,0,1,1,0,0,0.6966766119003296,0.7267976403236389,0.030121028423309326,0.030121028423309326,0.04893343895673752
2027,FLEXID-0088,FLEXID-0088__name_03,contradiction,Martin,Seojun,masculine,contradiction,contradiction,0,1,1,0,0,0.6966766119003296,0.7119660973548889,0.015289485454559326,0.015289485454559326,0.031414199620485306
2027,FLEXID-0088,FLEXID-0088__name_04,contradiction,Martin,Firmin,masculine,contradiction,contradiction,0,1,1,0,0,0.6966766119003296,0.7198103666305542,0.02313375473022461,0.02313375473022461,0.0370919406414032
2027,FLEXID-0097,FLEXID-0097__name_01,neutral,Martin,Lucas,masculine,contradiction,contradiction,0,0,0,0,0,0.06405090540647507,0.0601072683930397,-0.003943637013435364,0.003943637013435364,0.015497751533985138
2027,FLEXID-0097,FLEXID-0097__name_02,neutral,Martin,Ruben,masculine,contradiction,contradiction,0,0,0,0,0,0.06405090540647507,0.06370130926370621,-0.00034959614276885986,0.00034959614276885986,0.006606720387935638
2027,FLEXID-0097,FLEXID-0097__name_03,neutral,Martin,Seojun,masculine,contradiction,contradiction,0,0,0,0,0,0.06405090540647507,0.06975751370191574,0.005706608295440674,0.005706608295440674,0.0057066380977630615
2027,FLEXID-0097,FLEXID-0097__name_04,neutral,Martin,Diego,masculine,contradiction,contradiction,0,0,0,0,0,0.06405090540647507,0.06297148019075394,-0.0010794252157211304,0.0010794252157211304,0.022204257547855377
2027,FLEXID-0128,FLEXID-0128__name_01,entailment,Sophie,Larissa,feminine,contradiction,contradiction,0,0,0,0,0,0.09486684203147888,0.09945829957723618,0.004591457545757294,0.004591457545757294,0.013911273330450058
2027,FLEXID-0128,FLEXID-0128__name_02,entailment,Sophie,Mélisande,feminine,contradiction,contradiction,0,0,0,0,0,0.09486684203147888,0.112180195748806,0.017313353717327118,0.017313353717327118,0.06268083676695824
2027,FLEXID-0128,FLEXID-0128__name_03,entailment,Sophie,Isaline,feminine,contradiction,contradiction,0,0,0,0,0,0.09486684203147888,0.09668154269456863,0.0018147006630897522,0.0018147006630897522,0.01526329293847084
2027,FLEXID-0128,FLEXID-0128__name_04,entailment,Sophie,Maëlle,feminine,contradiction,contradiction,0,0,0,0,0,0.09486684203147888,0.1069798395037651,0.012112997472286224,0.012112997472286224,0.04649015888571739
2027,FLEXID-0163,FLEXID-0163__name_01,entailment,Rina,Mélisande,feminine,entailment,entailment,0,1,1,0,0,0.5718019008636475,0.6049891710281372,0.033187270164489746,0.033187270164489746,0.03318727947771549
2027,FLEXID-0163,FLEXID-0163__name_02,entailment,Rina,Montserrat,feminine,entailment,entailment,0,1,1,0,0,0.5718019008636475,0.5766340494155884,0.004832148551940918,0.004832148551940918,0.004959873855113983
2027,FLEXID-0163,FLEXID-0163__name_03,entailment,Rina,Ximena,feminine,entailment,entailment,0,1,1,0,0,0.5718019008636475,0.6038169860839844,0.032015085220336914,0.032015085220336914,0.032015107572078705
2027,FLEXID-0163,FLEXID-0163__name_04,entailment,Rina,Frida,feminine,entailment,entailment,0,1,1,0,0,0.5718019008636475,0.5740028619766235,0.0022009611129760742,0.0022009611129760742,0.002200968563556671
2027,FLEXID-0165,FLEXID-0165__name_01,neutral,Nari,Meryem,feminine,neutral,neutral,0,1,1,0,0,0.9722571969032288,0.9723963141441345,0.00013911724090576172,0.00013911724090576172,0.00017814547754824162
2027,FLEXID-0165,FLEXID-0165__name_02,neutral,Nari,Lucie,feminine,neutral,neutral,0,1,1,0,0,0.9722571969032288,0.9723680019378662,0.00011080503463745117,0.00011080503463745117,0.00011078733950853348
2027,FLEXID-0165,FLEXID-0165__name_03,neutral,Nari,Aliénor,feminine,neutral,neutral,0,1,1,0,0,0.9722571969032288,0.9724056720733643,0.00014847517013549805,0.00014847517013549805,0.0002680337056517601
2027,FLEXID-0165,FLEXID-0165__name_04,neutral,Nari,Manuela,feminine,neutral,neutral,0,1,1,0,0,0.9722571969032288,0.9724712371826172,0.00021404027938842773,0.00021404027938842773,0.0002140500582754612
2027,FLEXID-0182,FLEXID-0182__name_01,neutral,Julien,Zéphyr,masculine,neutral,neutral,0,1,1,0,0,0.948553740978241,0.9470638036727905,-0.0014899373054504395,0.0014899373054504395,0.0014899373054504395
2027,FLEXID-0182,FLEXID-0182__name_02,neutral,Julien,Bruno,masculine,neutral,neutral,0,1,1,0,0,0.948553740978241,0.948702871799469,0.00014913082122802734,0.00014913082122802734,0.0002009999006986618
2027,FLEXID-0182,FLEXID-0182__name_03,neutral,Julien,Andrés,masculine,neutral,neutral,0,1,1,0,0,0.948553740978241,0.9476277232170105,-0.0009260177612304688,0.0009260177612304688,0.0009260312654078007
2027,FLEXID-0182,FLEXID-0182__name_04,neutral,Julien,Idrissa,masculine,neutral,neutral,0,1,1,0,0,0.948553740978241,0.9474784135818481,-0.0010753273963928223,0.0010753273963928223,0.001075325533747673
2027,FLEXID-0228,FLEXID-0228__name_01,entailment,Amine,Thomas,masculine,entailment,entailment,0,1,1,0,0,0.666320264339447,0.6726759672164917,0.006355702877044678,0.006355702877044678,0.006867499090731144
2027,FLEXID-0228,FLEXID-0228__name_02,entailment,Amine,Nadir,masculine,entailment,entailment,0,1,1,0,0,0.666320264339447,0.6686544418334961,0.0023341774940490723,0.0023341774940490723,0.0023341886699199677
2027,FLEXID-0228,FLEXID-0228__name_03,entailment,Amine,Hans,masculine,entailment,entailment,0,1,1,0,0,0.666320264339447,0.6670944690704346,0.0007742047309875488,0.0007742047309875488,0.0007925666868686676
2027,FLEXID-0228,FLEXID-0228__name_04,entailment,Amine,Laurent,masculine,entailment,entailment,0,1,1,0,0,0.666320264339447,0.6718456745147705,0.005525410175323486,0.005525410175323486,0.006059681065380573
2027,FLEXID-0229,FLEXID-0229__name_01,neutral,Amine,Sami,masculine,neutral,neutral,0,1,1,0,0,0.9644348621368408,0.9644079208374023,-2.6941299438476562e-05,2.6941299438476562e-05,3.558257594704628e-05
2027,FLEXID-0229,FLEXID-0229__name_02,neutral,Amine,Jean,masculine,neutral,neutral,0,1,1,0,0,0.9644348621368408,0.9639237523078918,-0.0005111098289489746,0.0005111098289489746,0.0005110893398523331
2027,FLEXID-0229,FLEXID-0229__name_03,neutral,Amine,Balthazar,masculine,neutral,neutral,0,1,1,0,0,0.9644348621368408,0.9639973044395447,-0.0004375576972961426,0.0004375576972961426,0.00046220002695918083
2027,FLEXID-0229,FLEXID-0229__name_04,neutral,Amine,Donghyun,masculine,neutral,neutral,0,1,1,0,0,0.9644348621368408,0.9621185660362244,-0.002316296100616455,0.002316296100616455,0.0023162728175520897
2027,FLEXID-0253,FLEXID-0253__name_01,entailment,Hyunwoo,Walid,masculine,entailment,entailment,0,1,1,0,0,0.7722604870796204,0.7558580636978149,-0.01640242338180542,0.01640242338180542,0.01731837447732687
2027,FLEXID-0253,FLEXID-0253__name_02,entailment,Hyunwoo,Marcel,masculine,entailment,entailment,0,1,1,0,0,0.7722604870796204,0.7380215525627136,-0.03423893451690674,0.03423893451690674,0.03534772340208292
2027,FLEXID-0253,FLEXID-0253__name_03,entailment,Hyunwoo,Marwan,masculine,entailment,entailment,0,1,1,0,0,0.7722604870796204,0.7476837038993835,-0.024576783180236816,0.024576783180236816,0.025852478109300137
2027,FLEXID-0253,FLEXID-0253__name_04,entailment,Hyunwoo,Souleymane,masculine,entailment,entailment,0,1,1,0,0,0.7722604870796204,0.7529416084289551,-0.019318878650665283,0.019318878650665283,0.021693015471100807
2027,FLEXID-0254,FLEXID-0254__name_01,contradiction,Bertrand,Adil,masculine,entailment,entailment,0,0,0,0,0,0.4594995677471161,0.4246320426464081,-0.03486752510070801,0.03486752510070801,0.03556984104216099
2027,FLEXID-0254,FLEXID-0254__name_02,contradiction,Bertrand,Gautier,masculine,entailment,entailment,0,0,0,0,0,0.4594995677471161,0.46069368720054626,0.0011941194534301758,0.0011941194534301758,0.001453181728720665
2027,FLEXID-0254,FLEXID-0254__name_03,contradiction,Bertrand,Samy,masculine,entailment,entailment,0,0,0,0,0,0.4594995677471161,0.40854477882385254,-0.05095478892326355,0.05095478892326355,0.05189730133861303
2027,FLEXID-0254,FLEXID-0254__name_04,contradiction,Bertrand,Youssef,masculine,entailment,entailment,0,0,0,0,0,0.4594995677471161,0.4023662507534027,-0.05713331699371338,0.05713331699371338,0.05847037397325039
2027,FLEXID-0255,FLEXID-0255__name_01,neutral,Hélène,Abena,feminine,neutral,neutral,0,1,1,0,0,0.8928108811378479,0.8917223811149597,-0.0010885000228881836,0.0010885000228881836,0.0011900607496500015
2027,FLEXID-0255,FLEXID-0255__name_02,neutral,Hélène,Daphné,feminine,neutral,neutral,0,1,1,0,0,0.8928108811378479,0.9105699062347412,0.01775902509689331,0.01775902509689331,0.017759064212441444
2027,FLEXID-0255,FLEXID-0255__name_03,neutral,Hélène,Ariane,feminine,neutral,neutral,0,1,1,0,0,0.8928108811378479,0.9152688980102539,0.022458016872406006,0.022458016872406006,0.022458032704889774
2027,FLEXID-0255,FLEXID-0255__name_04,neutral,Hélène,Eugénie,feminine,neutral,neutral,0,1,1,0,0,0.8928108811378479,0.9009676575660706,0.008156776428222656,0.008156776428222656,0.00815680855885148
2027,FLEXID-0307,FLEXID-0307__name_01,contradiction,Adam,Émile,masculine,contradiction,contradiction,0,1,1,0,0,0.5772499442100525,0.5244644284248352,-0.052785515785217285,0.052785515785217285,0.05419967323541641
2027,FLEXID-0307,FLEXID-0307__name_02,contradiction,Adam,Seungwoo,masculine,contradiction,contradiction,0,1,1,0,0,0.5772499442100525,0.5482227206230164,-0.029027223587036133,0.029027223587036133,0.02902717888355255
2027,FLEXID-0307,FLEXID-0307__name_03,contradiction,Adam,Hector,masculine,contradiction,contradiction,0,1,1,0,0,0.5772499442100525,0.5010883808135986,-0.07616156339645386,0.07616156339645386,0.07820255775004625
2027,FLEXID-0307,FLEXID-0307__name_04,contradiction,Adam,Marius,masculine,contradiction,contradiction,0,1,1,0,0,0.5772499442100525,0.5690512657165527,-0.008198678493499756,0.008198678493499756,0.008198673836886883
2027,FLEXID-0308,FLEXID-0308__name_01,neutral,Noé,Dongmin,masculine,neutral,neutral,0,1,1,0,0,0.617103636264801,0.5801101922988892,-0.036993443965911865,0.036993443965911865,0.036993417888879776
2027,FLEXID-0308,FLEXID-0308__name_02,neutral,Noé,Valentin,masculine,neutral,neutral,0,1,1,0,0,0.617103636264801,0.6232836246490479,0.006179988384246826,0.006179988384246826,0.00618000328540802
2027,FLEXID-0308,FLEXID-0308__name_03,neutral,Noé,Zinedine,masculine,neutral,neutral,0,1,1,0,0,0.617103636264801,0.538675844669342,-0.07842779159545898,0.07842779159545898,0.07842781022191048
2027,FLEXID-0308,FLEXID-0308__name_04,neutral,Noé,Kota,masculine,neutral,neutral,0,1,1,0,0,0.617103636264801,0.6314507722854614,0.0143471360206604,0.0143471360206604,0.0143471360206604
2027,FLEXID-0321,FLEXID-0321__name_01,entailment,Hamza,Anis,masculine,entailment,entailment,0,1,1,0,0,0.6694279313087463,0.6611325144767761,-0.008295416831970215,0.008295416831970215,0.009592056274414062
2027,FLEXID-0321,FLEXID-0321__name_02,entailment,Hamza,Rodrigo,masculine,entailment,entailment,0,1,1,0,0,0.6694279313087463,0.6658681631088257,-0.0035597681999206543,0.0035597681999206543,0.0050033824518322945
2027,FLEXID-0321,FLEXID-0321__name_03,entailment,Hamza,Pierrick,masculine,entailment,entailment,0,1,1,0,0,0.6694279313087463,0.677314817905426,0.007886886596679688,0.007886886596679688,0.00788685493171215
2027,FLEXID-0321,FLEXID-0321__name_04,entailment,Hamza,Firmin,masculine,entailment,entailment,0,1,1,0,0,0.6694279313087463,0.6735315918922424,0.004103660583496094,0.004103660583496094,0.004103662446141243
2027,FLEXID-0323,FLEXID-0323__name_01,neutral,Salissou,Zakaria,masculine,neutral,neutral,0,1,1,0,0,0.9411531090736389,0.9401965737342834,-0.0009565353393554688,0.0009565353393554688,0.0009565185755491257
2027,FLEXID-0323,FLEXID-0323__name_02,neutral,Salissou,Julien,masculine,neutral,neutral,0,1,1,0,0,0.9411531090736389,0.9257791638374329,-0.015373945236206055,0.015373945236206055,0.015373961068689823
2027,FLEXID-0323,FLEXID-0323__name_03,neutral,Salissou,Kaito,masculine,neutral,neutral,0,1,1,0,0,0.9411531090736389,0.939705491065979,-0.0014476180076599121,0.0014476180076599121,0.0014476198703050613
2027,FLEXID-0323,FLEXID-0323__name_04,neutral,Salissou,Amaury,masculine,neutral,neutral,0,1,1,0,0,0.9411531090736389,0.9174309372901917,-0.023722171783447266,0.023722171783447266,0.02372212754562497
2027,FLEXID-0355,FLEXID-0355__name_01,contradiction,Nadir,Benoît,masculine,contradiction,contradiction,0,1,1,0,0,0.6619408130645752,0.6573757529258728,-0.004565060138702393,0.004565060138702393,0.06123366206884384
2027,FLEXID-0355,FLEXID-0355__name_02,contradiction,Nadir,Emiliano,masculine,contradiction,contradiction,0,1,1,0,0,0.6619408130645752,0.6732149124145508,0.011274099349975586,0.011274099349975586,0.011274099349975586
2027,FLEXID-0355,FLEXID-0355__name_03,contradiction,Nadir,Anis,masculine,contradiction,contradiction,0,1,1,0,0,0.6619408130645752,0.6686184406280518,0.0066776275634765625,0.0066776275634765625,0.006677649915218353
2027,FLEXID-0355,FLEXID-0355__name_04,contradiction,Nadir,Donghyun,masculine,contradiction,contradiction,0,1,1,0,0,0.6619408130645752,0.6629019379615784,0.0009611248970031738,0.0009611248970031738,0.013697460293769836
2027,FLEXID-0356,FLEXID-0356__name_01,neutral,Beatriz,Imane,feminine,neutral,neutral,0,1,1,0,0,0.9644460678100586,0.9651280045509338,0.0006819367408752441,0.0006819367408752441,0.0006819944828748703
2027,FLEXID-0356,FLEXID-0356__name_02,neutral,Beatriz,Victoire,feminine,neutral,neutral,0,1,1,0,0,0.9644460678100586,0.9663047790527344,0.0018587112426757812,0.0018587112426757812,0.001858727540820837
2027,FLEXID-0356,FLEXID-0356__name_03,neutral,Beatriz,Héloïse,feminine,neutral,neutral,0,1,1,0,0,0.9644460678100586,0.9652292728424072,0.0007832050323486328,0.0007832050323486328,0.0008021907415241003
2027,FLEXID-0356,FLEXID-0356__name_04,neutral,Beatriz,Shiori,feminine,neutral,neutral,0,1,1,0,0,0.9644460678100586,0.9653174877166748,0.0008714199066162109,0.0008714199066162109,0.0008714550640434027
2027,FLEXID-0364,FLEXID-0364__name_01,contradiction,Malik,Youssef,masculine,contradiction,contradiction,0,1,1,0,0,0.6168626546859741,0.6153512001037598,-0.0015114545822143555,0.0015114545822143555,0.021641656756401062
2027,FLEXID-0364,FLEXID-0364__name_02,contradiction,Malik,Amine,masculine,contradiction,contradiction,0,1,1,0,0,0.6168626546859741,0.6153809428215027,-0.0014817118644714355,0.0014817118644714355,0.006542541086673737
2027,FLEXID-0364,FLEXID-0364__name_03,contradiction,Malik,Thomas,masculine,contradiction,contradiction,0,1,1,0,0,0.6168626546859741,0.6141325235366821,-0.002730131149291992,0.002730131149291992,0.011527873575687408
2027,FLEXID-0364,FLEXID-0364__name_04,contradiction,Malik,Farid,masculine,contradiction,contradiction,0,1,1,0,0,0.6168626546859741,0.6012918949127197,-0.015570759773254395,0.015570759773254395,0.02346358448266983
2027,FLEXID-0365,FLEXID-0365__name_01,neutral,Farid,Théodore,masculine,contradiction,contradiction,0,0,0,0,0,0.3491520881652832,0.44725874066352844,0.09810665249824524,0.09810665249824524,0.09810666739940643
2027,FLEXID-0365,FLEXID-0365__name_02,neutral,Farid,Rémy,masculine,contradiction,contradiction,0,0,0,0,0,0.3491520881652832,0.3874325752258301,0.038280487060546875,0.038280487060546875,0.03828044235706329
2027,FLEXID-0365,FLEXID-0365__name_03,neutral,Farid,Nadir,masculine,contradiction,contradiction,0,0,0,0,0,0.3491520881652832,0.27068063616752625,-0.07847145199775696,0.07847145199775696,0.07847141474485397
2027,FLEXID-0365,FLEXID-0365__name_04,neutral,Farid,Benoît,masculine,contradiction,contradiction,0,0,0,0,0,0.3491520881652832,0.4411567747592926,0.0920046865940094,0.0920046865940094,0.09200466424226761
2027,FLEXID-0373,FLEXID-0373__name_01,entailment,Amine,Octave,masculine,entailment,entailment,0,1,1,0,0,0.7352975010871887,0.7141917943954468,-0.021105706691741943,0.021105706691741943,0.021981343626976013
2027,FLEXID-0373,FLEXID-0373__name_02,entailment,Amine,Alejandro,masculine,entailment,entailment,0,1,1,0,0,0.7352975010871887,0.710899293422699,-0.024398207664489746,0.024398207664489746,0.024398266337811947
2027,FLEXID-0373,FLEXID-0373__name_03,entailment,Amine,Takumi,masculine,entailment,entailment,0,1,1,0,0,0.7352975010871887,0.7274452447891235,-0.007852256298065186,0.007852256298065186,0.007852299138903618
2027,FLEXID-0373,FLEXID-0373__name_04,entailment,Amine,Seojun,masculine,entailment,entailment,0,1,1,0,0,0.7352975010871887,0.7369290590286255,0.0016315579414367676,0.0016315579414367676,0.0016315067186951637
2027,FLEXID-0374,FLEXID-0374__name_01,contradiction,Sofia,Prisca,feminine,neutral,neutral,0,0,0,0,0,0.13095009326934814,0.12085792422294617,-0.010092169046401978,0.010092169046401978,0.011282876133918762
2027,FLEXID-0374,FLEXID-0374__name_02,contradiction,Sofia,Aïssata,feminine,neutral,neutral,0,0,0,0,0,0.13095009326934814,0.10052905231714249,-0.030421040952205658,0.030421040952205658,0.03312967251986265
2027,FLEXID-0374,FLEXID-0374__name_03,contradiction,Sofia,Yuna,feminine,neutral,neutral,0,0,0,0,0,0.13095009326934814,0.11570017784833908,-0.015249915421009064,0.015249915421009064,0.016651425510644913
2027,FLEXID-0374,FLEXID-0374__name_04,contradiction,Sofia,Diane,feminine,neutral,neutral,0,0,0,0,0,0.13095009326934814,0.12074394524097443,-0.010206148028373718,0.010206148028373718,0.01172246690839529
2027,FLEXID-0375,FLEXID-0375__name_01,neutral,Ximena,Akari,feminine,neutral,neutral,0,1,1,0,0,0.9583740830421448,0.959455668926239,0.0010815858840942383,0.0010815858840942383,0.0010816026479005814
2027,FLEXID-0375,FLEXID-0375__name_02,neutral,Ximena,Gloria,feminine,neutral,neutral,0,1,1,0,0,0.9583740830421448,0.9596037864685059,0.001229703426361084,0.001229703426361084,0.0012297513894736767
2027,FLEXID-0375,FLEXID-0375__name_03,neutral,Ximena,Isaline,feminine,neutral,neutral,0,1,1,0,0,0.9583740830421448,0.9592775702476501,0.0009034872055053711,0.0009034872055053711,0.0009034806862473488
2027,FLEXID-0375,FLEXID-0375__name_04,neutral,Ximena,Meryem,feminine,neutral,neutral,0,1,1,0,0,0.9583740830421448,0.9600803256034851,0.001706242561340332,0.001706242561340332,0.0017062518745660782
2027,FLEXID-0386,FLEXID-0386__name_01,contradiction,Minho,Justin,masculine,contradiction,contradiction,0,1,1,0,0,0.6765610575675964,0.6844116449356079,0.007850587368011475,0.007850587368011475,0.007850605994462967
2027,FLEXID-0386,FLEXID-0386__name_02,contradiction,Minho,Yacine,masculine,contradiction,contradiction,0,1,1,0,0,0.6765610575675964,0.6245441436767578,-0.05201691389083862,0.05201691389083862,0.058671485632658005
2027,FLEXID-0386,FLEXID-0386__name_03,contradiction,Minho,Enguerrand,masculine,contradiction,contradiction,0,1,1,0,0,0.6765610575675964,0.6501088738441467,-0.026452183723449707,0.026452183723449707,0.02645212784409523
2027,FLEXID-0386,FLEXID-0386__name_04,contradiction,Minho,Salim,masculine,contradiction,contradiction,0,1,1,0,0,0.6765610575675964,0.6585442423820496,-0.018016815185546875,0.018016815185546875,0.019940929487347603
2027,FLEXID-0387,FLEXID-0387__name_01,neutral,Salma,Martine,feminine,neutral,neutral,0,1,1,0,0,0.7385498881340027,0.7315449118614197,-0.007004976272583008,0.007004976272583008,0.007005002349615097
2027,FLEXID-0387,FLEXID-0387__name_02,neutral,Salma,Tainá,feminine,neutral,neutral,0,1,1,0,0,0.7385498881340027,0.7591659426689148,0.02061605453491211,0.02061605453491211,0.02061600424349308
2027,FLEXID-0387,FLEXID-0387__name_03,neutral,Salma,Héloïse,feminine,neutral,neutral,0,1,1,0,0,0.7385498881340027,0.7594714164733887,0.020921528339385986,0.020921528339385986,0.020921495743095875
2027,FLEXID-0387,FLEXID-0387__name_04,neutral,Salma,Linda,feminine,neutral,neutral,0,1,1,0,0,0.7385498881340027,0.754309356212616,0.01575946807861328,0.01575946807861328,0.01575944945216179
2027,FLEXID-0445,FLEXID-0445__name_01,entailment,Sofia,Mahaut,feminine,contradiction,contradiction,0,0,0,0,0,0.228280171751976,0.16682130098342896,-0.06145887076854706,0.06145887076854706,0.06145888566970825
2027,FLEXID-0445,FLEXID-0445__name_02,entailment,Sofia,Coline,feminine,contradiction,contradiction,0,0,0,0,0,0.228280171751976,0.2207752764225006,-0.007504895329475403,0.007504895329475403,0.026021912693977356
2027,FLEXID-0445,FLEXID-0445__name_03,entailment,Sofia,Joséphine,feminine,contradiction,contradiction,0,0,0,0,0,0.228280171751976,0.2264319360256195,-0.0018482357263565063,0.0018482357263565063,0.018290497362613678
2027,FLEXID-0445,FLEXID-0445__name_04,entailment,Sofia,Mathilde,feminine,contradiction,contradiction,0,0,0,0,0,0.228280171751976,0.26137495040893555,0.033094778656959534,0.033094778656959534,0.03309477120637894
2027,FLEXID-0446,FLEXID-0446__name_01,contradiction,Felipe,Esteban,masculine,neutral,neutral,0,0,0,0,0,0.10410800576210022,0.09876549988985062,-0.005342505872249603,0.005342505872249603,0.005814557895064354
2027,FLEXID-0446,FLEXID-0446__name_02,contradiction,Felipe,Émeric,masculine,neutral,neutral,0,0,0,0,0,0.10410800576210022,0.09680807590484619,-0.007299929857254028,0.007299929857254028,0.007955756038427353
2027,FLEXID-0446,FLEXID-0446__name_03,contradiction,Felipe,Wandrille,masculine,neutral,neutral,0,0,0,0,0,0.10410800576210022,0.083403579890728,-0.020704425871372223,0.020704425871372223,0.022532794158905745
2027,FLEXID-0446,FLEXID-0446__name_04,contradiction,Felipe,Minjun,masculine,neutral,neutral,0,0,0,0,0,0.10410800576210022,0.08819801360368729,-0.015909992158412933,0.015909992158412933,0.017259697895497084
2027,FLEXID-0449,FLEXID-0449__name_01,contradiction,Momoka,Miyu,feminine,contradiction,contradiction,0,1,1,0,0,0.7900665998458862,0.782465398311615,-0.00760120153427124,0.00760120153427124,0.010589225217700005
2027,FLEXID-0449,FLEXID-0449__name_02,contradiction,Momoka,Aïssatou,feminine,contradiction,contradiction,0,1,1,0,0,0.7900665998458862,0.7955629825592041,0.005496382713317871,0.005496382713317871,0.008097615092992783
2027,FLEXID-0449,FLEXID-0449__name_03,contradiction,Momoka,Déborah,feminine,contradiction,contradiction,0,1,1,0,0,0.7900665998458862,0.796859860420227,0.00679326057434082,0.00679326057434082,0.008208731189370155
2027,FLEXID-0449,FLEXID-0449__name_04,contradiction,Momoka,Yerin,feminine,contradiction,contradiction,0,1,1,0,0,0.7900665998458862,0.7943123579025269,0.004245758056640625,0.004245758056640625,0.004407379776239395
2027,FLEXID-0499,FLEXID-0499__name_01,entailment,Élodie,Muriel,feminine,entailment,entailment,0,1,1,0,0,0.6534456610679626,0.6418007612228394,-0.011644899845123291,0.011644899845123291,0.011644884943962097
2027,FLEXID-0499,FLEXID-0499__name_02,entailment,Élodie,Gaeun,feminine,entailment,entailment,0,1,1,0,0,0.6534456610679626,0.6224103569984436,-0.031035304069519043,0.031035304069519043,0.03231340181082487
2027,FLEXID-0499,FLEXID-0499__name_03,entailment,Élodie,Nora,feminine,entailment,entailment,0,1,1,0,0,0.6534456610679626,0.6332018971443176,-0.02024376392364502,0.02024376392364502,0.021736064925789833
2027,FLEXID-0499,FLEXID-0499__name_04,entailment,Élodie,Débora,feminine,entailment,entailment,0,1,1,0,0,0.6534456610679626,0.6407838463783264,-0.01266181468963623,0.01266181468963623,0.014095278456807137
2027,FLEXID-0500,FLEXID-0500__name_01,contradiction,Élodie,Chloé,feminine,entailment,entailment,0,0,0,0,0,0.3059266209602356,0.3070324957370758,0.00110587477684021,0.00110587477684021,0.003130105324089527
2027,FLEXID-0500,FLEXID-0500__name_02,contradiction,Élodie,Graziella,feminine,entailment,entailment,0,0,0,0,0,0.3059266209602356,0.29659658670425415,-0.009330034255981445,0.009330034255981445,0.00933000911027193
2027,FLEXID-0500,FLEXID-0500__name_03,contradiction,Élodie,Olympe,feminine,entailment,entailment,0,0,0,0,0,0.3059266209602356,0.3147827088832855,0.008856087923049927,0.008856087923049927,0.00885612703859806
2027,FLEXID-0500,FLEXID-0500__name_04,contradiction,Élodie,Yvette,feminine,entailment,entailment,0,0,0,0,0,0.3059266209602356,0.31749504804611206,0.011568427085876465,0.011568427085876465,0.011568428948521614
2027,FLEXID-0501,FLEXID-0501__name_01,neutral,Élodie,Prisca,feminine,entailment,entailment,0,0,0,0,0,0.052312519401311874,0.041874270886182785,-0.01043824851512909,0.01043824851512909,0.0312349870800972
2027,FLEXID-0501,FLEXID-0501__name_02,neutral,Élodie,Sama,feminine,entailment,entailment,0,0,0,0,0,0.052312519401311874,0.04135577380657196,-0.010956745594739914,0.010956745594739914,0.019622405990958214
2027,FLEXID-0501,FLEXID-0501__name_03,neutral,Élodie,Itzel,feminine,entailment,entailment,0,0,0,0,0,0.052312519401311874,0.04618160054087639,-0.006130918860435486,0.006130918860435486,0.028564102947711945
2027,FLEXID-0501,FLEXID-0501__name_04,neutral,Élodie,Naomie,feminine,entailment,entailment,0,0,0,0,0,0.052312519401311874,0.04792547971010208,-0.004387039691209793,0.004387039691209793,0.006548115983605385
2027,FLEXID-0527,FLEXID-0527__name_01,contradiction,Élodie,Yvette,feminine,contradiction,contradiction,0,1,1,0,0,0.6187272667884827,0.6197450160980225,0.001017749309539795,0.001017749309539795,0.0027467431500554085
2027,FLEXID-0527,FLEXID-0527__name_02,contradiction,Élodie,Keiko,feminine,contradiction,contradiction,0,1,1,0,0,0.6187272667884827,0.6017656922340393,-0.01696157455444336,0.01696157455444336,0.016961551271378994
2027,FLEXID-0527,FLEXID-0527__name_03,contradiction,Élodie,Bertille,feminine,contradiction,contradiction,0,1,1,0,0,0.6187272667884827,0.6162756681442261,-0.002451598644256592,0.002451598644256592,0.002591288648545742
2027,FLEXID-0527,FLEXID-0527__name_04,contradiction,Élodie,Solène,feminine,contradiction,contradiction,0,1,1,0,0,0.6187272667884827,0.6210005879402161,0.0022733211517333984,0.0022733211517333984,0.0023155808448791504
2027,FLEXID-0528,FLEXID-0528__name_01,neutral,Murilo,Bruno,masculine,neutral,neutral,0,1,1,0,0,0.9650810360908508,0.9652108550071716,0.00012981891632080078,0.00012981891632080078,0.00014549214392900467
2027,FLEXID-0528,FLEXID-0528__name_02,neutral,Murilo,Amir,masculine,neutral,neutral,0,1,1,0,0,0.9650810360908508,0.9639015793800354,-0.0011794567108154297,0.0011794567108154297,0.0011794110760092735
2027,FLEXID-0528,FLEXID-0528__name_03,neutral,Murilo,Adil,masculine,neutral,neutral,0,1,1,0,0,0.9650810360908508,0.964674711227417,-0.0004063248634338379,0.0004063248634338379,0.0004063132219016552
2027,FLEXID-0528,FLEXID-0528__name_04,neutral,Murilo,Mateo,masculine,neutral,neutral,0,1,1,0,0,0.9650810360908508,0.9655552506446838,0.0004742145538330078,0.0004742145538330078,0.00047422293573617935
2027,FLEXID-0562,FLEXID-0562__name_01,entailment,Chloé,Cecília,feminine,entailment,entailment,0,1,1,0,0,0.7497881054878235,0.7495383620262146,-0.0002497434616088867,0.0002497434616088867,0.0013900166377425194
2027,FLEXID-0562,FLEXID-0562__name_02,entailment,Chloé,Frida,feminine,entailment,entailment,0,1,1,0,0,0.7497881054878235,0.751250684261322,0.0014625787734985352,0.0014625787734985352,0.0014626001939177513
2027,FLEXID-0562,FLEXID-0562__name_03,entailment,Chloé,Soojin,feminine,entailment,entailment,0,1,1,0,0,0.7497881054878235,0.7475036382675171,-0.0022844672203063965,0.0022844672203063965,0.0028347503393888474
2027,FLEXID-0562,FLEXID-0562__name_04,entailment,Chloé,Christine,feminine,entailment,entailment,0,1,1,0,0,0.7497881054878235,0.7511144876480103,0.0013263821601867676,0.0013263821601867676,0.001326422207057476
2027,FLEXID-0593,FLEXID-0593__name_01,contradiction,Sofia,Bruna,feminine,contradiction,contradiction,0,1,1,0,0,0.7208386063575745,0.6930486559867859,-0.027789950370788574,0.027789950370788574,0.029667656868696213
2027,FLEXID-0593,FLEXID-0593__name_02,contradiction,Sofia,Nadège,feminine,contradiction,contradiction,0,1,1,0,0,0.7208386063575745,0.7261143922805786,0.00527578592300415,0.00527578592300415,0.006894659250974655
2027,FLEXID-0593,FLEXID-0593__name_03,contradiction,Sofia,Juliana,feminine,contradiction,contradiction,0,1,1,0,0,0.7208386063575745,0.723633348941803,0.0027947425842285156,0.0027947425842285156,0.004608858376741409
2027,FLEXID-0593,FLEXID-0593__name_04,contradiction,Sofia,Léonie,feminine,contradiction,contradiction,0,1,1,0,0,0.7208386063575745,0.7390605807304382,0.01822197437286377,0.01822197437286377,0.021909087896347046
2027,FLEXID-0622,FLEXID-0622__name_01,entailment,Sofia,Félicie,feminine,contradiction,contradiction,0,0,0,0,0,0.4316198229789734,0.42862826585769653,-0.0029915571212768555,0.0029915571212768555,0.004765965044498444
2027,FLEXID-0622,FLEXID-0622__name_02,entailment,Sofia,Momoka,feminine,contradiction,contradiction,0,0,0,0,0,0.4316198229789734,0.4711572527885437,0.03953742980957031,0.03953742980957031,0.039537448436021805
2027,FLEXID-0622,FLEXID-0622__name_03,entailment,Sofia,Naomie,feminine,contradiction,contradiction,0,0,0,0,0,0.4316198229789734,0.4439556896686554,0.012335866689682007,0.012335866689682007,0.013258934020996094
2027,FLEXID-0622,FLEXID-0622__name_04,entailment,Sofia,Béatrice,feminine,contradiction,contradiction,0,0,0,0,0,0.4316198229789734,0.4305547773838043,-0.0010650455951690674,0.0010650455951690674,0.00245879590511322
2027,FLEXID-0623,FLEXID-0623__name_01,contradiction,Pacôme,Bilal,masculine,contradiction,contradiction,0,1,1,0,0,0.533728301525116,0.6145844459533691,0.08085614442825317,0.08085614442825317,0.09942305088043213
2027,FLEXID-0623,FLEXID-0623__name_02,contradiction,Pacôme,Felipe,masculine,contradiction,contradiction,0,1,1,0,0,0.533728301525116,0.6385884881019592,0.10486018657684326,0.10486018657684326,0.12251406535506248
2027,FLEXID-0623,FLEXID-0623__name_03,contradiction,Pacôme,Numa,masculine,contradiction,contradiction,0,1,1,0,0,0.533728301525116,0.5832029581069946,0.04947465658187866,0.04947465658187866,0.0621468648314476
2027,FLEXID-0623,FLEXID-0623__name_04,contradiction,Pacôme,Diego,masculine,contradiction,contradiction,0,1,1,0,0,0.533728301525116,0.6323896050453186,0.09866130352020264,0.09866130352020264,0.1158074215054512
2027,FLEXID-0796,FLEXID-0796__name_01,entailment,Yvette,Fabiana,feminine,contradiction,contradiction,0,0,0,0,0,0.3916792571544647,0.45928096771240234,0.06760171055793762,0.06760171055793762,0.06760171987116337
2027,FLEXID-0796,FLEXID-0796__name_02,entailment,Yvette,Félicie,feminine,contradiction,contradiction,0,0,0,0,0,0.3916792571544647,0.3911444842815399,-0.0005347728729248047,0.0005347728729248047,0.002094162628054619
2027,FLEXID-0796,FLEXID-0796__name_03,entailment,Yvette,Mariam,feminine,contradiction,contradiction,0,0,0,0,0,0.3916792571544647,0.4668104350566864,0.07513117790222168,0.07513117790222168,0.07513116672635078
2027,FLEXID-0796,FLEXID-0796__name_04,entailment,Yvette,Samia,feminine,contradiction,contradiction,0,0,0,0,0,0.3916792571544647,0.4300285577774048,0.038349300622940063,0.038349300622940063,0.038349296897649765
2027,FLEXID-0798,FLEXID-0798__name_01,neutral,Donghyun,Hamza,masculine,neutral,neutral,0,1,1,0,0,0.9250775575637817,0.9413391351699829,0.016261577606201172,0.016261577606201172,0.016261561773717403
2027,FLEXID-0798,FLEXID-0798__name_02,neutral,Donghyun,Dimitri,masculine,neutral,neutral,0,1,1,0,0,0.9250775575637817,0.946026086807251,0.02094852924346924,0.02094852924346924,0.020948508754372597
2027,FLEXID-0798,FLEXID-0798__name_03,neutral,Donghyun,Didier,masculine,neutral,neutral,0,1,1,0,0,0.9250775575637817,0.9445430636405945,0.019465506076812744,0.019465506076812744,0.019465505611151457
2027,FLEXID-0798,FLEXID-0798__name_04,neutral,Donghyun,Kilian,masculine,neutral,neutral,0,1,1,0,0,0.9250775575637817,0.9385830760002136,0.013505518436431885,0.013505518436431885,0.013505547773092985
2027,FLEXID-0868,FLEXID-0868__name_01,entailment,Juliette,Aïcha,feminine,entailment,entailment,0,1,1,0,0,0.7631621360778809,0.7733464241027832,0.010184288024902344,0.010184288024902344,0.010184310376644135
2027,FLEXID-0868,FLEXID-0868__name_02,entailment,Juliette,Yejin,feminine,entailment,entailment,0,1,1,0,0,0.7631621360778809,0.7789067029953003,0.015744566917419434,0.015744566917419434,0.016583452001214027
2027,FLEXID-0868,FLEXID-0868__name_03,entailment,Juliette,Flavie,feminine,entailment,entailment,0,1,1,0,0,0.7631621360778809,0.7679207921028137,0.004758656024932861,0.004758656024932861,0.00475867185741663
2027,FLEXID-0868,FLEXID-0868__name_04,entailment,Juliette,Yuna,feminine,entailment,entailment,0,1,1,0,0,0.7631621360778809,0.7858222126960754,0.02266007661819458,0.02266007661819458,0.023425078950822353
2027,FLEXID-0869,FLEXID-0869__name_01,contradiction,Sofia,Aline,feminine,contradiction,contradiction,0,1,1,0,0,0.5769940614700317,0.5551465153694153,-0.021847546100616455,0.021847546100616455,0.02293650433421135
2027,FLEXID-0869,FLEXID-0869__name_02,contradiction,Sofia,Christine,feminine,contradiction,contradiction,0,1,1,0,0,0.5769940614700317,0.5888071656227112,0.011813104152679443,0.011813104152679443,0.013121362775564194
2027,FLEXID-0869,FLEXID-0869__name_03,contradiction,Sofia,Marina,feminine,contradiction,contradiction,0,1,1,0,0,0.5769940614700317,0.5534101128578186,-0.023583948612213135,0.023583948612213135,0.023913701996207237
2027,FLEXID-0869,FLEXID-0869__name_04,contradiction,Sofia,Léonie,feminine,contradiction,contradiction,0,1,1,0,0,0.5769940614700317,0.5773187279701233,0.00032466650009155273,0.00032466650009155273,0.0009699109941720963
2027,FLEXID-0870,FLEXID-0870__name_01,neutral,Sakura,Tomoko,feminine,neutral,neutral,0,1,1,0,0,0.9184797406196594,0.9236165881156921,0.005136847496032715,0.005136847496032715,0.00513678602874279
2027,FLEXID-0870,FLEXID-0870__name_02,neutral,Sakura,Araceli,feminine,neutral,neutral,0,1,1,0,0,0.9184797406196594,0.9194417595863342,0.0009620189666748047,0.0009620189666748047,0.0009820233099162579
2027,FLEXID-0870,FLEXID-0870__name_03,neutral,Sakura,Roxane,feminine,neutral,neutral,0,1,1,0,0,0.9184797406196594,0.9189288020133972,0.00044906139373779297,0.00044906139373779297,0.0005510607734322548
2027,FLEXID-0870,FLEXID-0870__name_04,neutral,Sakura,Solange,feminine,neutral,neutral,0,1,1,0,0,0.9184797406196594,0.9278004169464111,0.009320676326751709,0.009320676326751709,0.009320620447397232
2027,FLEXID-0871,FLEXID-0871__name_01,entailment,Andrés,Idriss,masculine,entailment,entailment,0,1,1,0,0,0.5729506611824036,0.6113273501396179,0.038376688957214355,0.038376688957214355,0.03837668336927891
2027,FLEXID-0871,FLEXID-0871__name_02,entailment,Andrés,Kaito,masculine,entailment,entailment,0,1,1,0,0,0.5729506611824036,0.5845827460289001,0.011632084846496582,0.011632084846496582,0.014979507774114609
2027,FLEXID-0871,FLEXID-0871__name_03,entailment,Andrés,Abel,masculine,entailment,entailment,0,1,1,0,0,0.5729506611824036,0.5545898079872131,-0.01836085319519043,0.01836085319519043,0.022517377510666847
2027,FLEXID-0871,FLEXID-0871__name_04,entailment,Andrés,Haruto,masculine,entailment,entailment,0,1,1,0,0,0.5729506611824036,0.6087005138397217,0.035749852657318115,0.035749852657318115,0.035749804228544235
2027,FLEXID-0872,FLEXID-0872__name_01,contradiction,Soojin,Martine,feminine,contradiction,contradiction,0,1,1,0,0,0.7687307000160217,0.7850103378295898,0.016279637813568115,0.016279637813568115,0.02747761458158493
2027,FLEXID-0872,FLEXID-0872__name_02,contradiction,Soojin,Aïssatou,feminine,contradiction,contradiction,0,1,1,0,0,0.7687307000160217,0.7826566696166992,0.01392596960067749,0.01392596960067749,0.014944013208150864
2027,FLEXID-0872,FLEXID-0872__name_03,contradiction,Soojin,Estelle,feminine,contradiction,contradiction,0,1,1,0,0,0.7687307000160217,0.7826238870620728,0.013893187046051025,0.013893187046051025,0.01499440148472786
2027,FLEXID-0872,FLEXID-0872__name_04,contradiction,Soojin,Irène,feminine,contradiction,contradiction,0,1,1,0,0,0.7687307000160217,0.7885766625404358,0.019845962524414062,0.019845962524414062,0.02704494446516037
2027,FLEXID-0913,FLEXID-0913__name_01,entailment,Mariana,Adelaïde,feminine,contradiction,contradiction,0,0,0,0,0,0.35678714513778687,0.2683660686016083,-0.08842107653617859,0.08842107653617859,0.08842099085450172
2027,FLEXID-0913,FLEXID-0913__name_02,entailment,Mariana,Citlali,feminine,contradiction,contradiction,0,0,0,0,0,0.35678714513778687,0.4308227002620697,0.07403555512428284,0.07403555512428284,0.11425087600946426
2027,FLEXID-0913,FLEXID-0913__name_03,entailment,Mariana,Mathilde,feminine,contradiction,contradiction,0,0,0,0,0,0.35678714513778687,0.3261760473251343,-0.030611097812652588,0.030611097812652588,0.03061104565858841
2027,FLEXID-0913,FLEXID-0913__name_04,entailment,Mariana,Dorcas,feminine,contradiction,contradiction,0,0,0,0,0,0.35678714513778687,0.37088286876678467,0.014095723628997803,0.014095723628997803,0.02749500423669815
2028,FLEXID-0087,FLEXID-0087__name_01,entailment,Martin,Seungwoo,masculine,contradiction,contradiction,0,0,0,0,0,0.14836689829826355,0.16050679981708527,0.012139901518821716,0.012139901518821716,0.012139901518821716
2028,FLEXID-0087,FLEXID-0087__name_02,entailment,Martin,Benoît,masculine,contradiction,contradiction,0,0,0,0,0,0.14836689829826355,0.20674173533916473,0.058374837040901184,0.058374837040901184,0.05837487429380417
2028,FLEXID-0087,FLEXID-0087__name_03,entailment,Martin,Sélim,masculine,contradiction,contradiction,0,0,0,0,0,0.14836689829826355,0.09471497684717178,-0.053651921451091766,0.053651921451091766,0.14740245044231415
2028,FLEXID-0087,FLEXID-0087__name_04,entailment,Martin,Souleymane,masculine,contradiction,contradiction,0,0,0,0,0,0.14836689829826355,0.1891196370124817,0.04075273871421814,0.04075273871421814,0.040752727538347244
2028,FLEXID-0088,FLEXID-0088__name_01,contradiction,Martin,Bernard,masculine,neutral,neutral,0,0,0,0,0,0.38335758447647095,0.41136014461517334,0.028002560138702393,0.028002560138702393,0.031038399785757065
2028,FLEXID-0088,FLEXID-0088__name_02,contradiction,Martin,Idrissa,masculine,neutral,contradiction,1,0,1,0,1,0.38335758447647095,0.48722633719444275,0.1038687527179718,0.1038687527179718,0.11891089007258415
2028,FLEXID-0088,FLEXID-0088__name_03,contradiction,Martin,Seojun,masculine,neutral,neutral,0,0,0,0,0,0.38335758447647095,0.22408145666122437,-0.15927612781524658,0.15927612781524658,0.17236639186739922
2028,FLEXID-0088,FLEXID-0088__name_04,contradiction,Martin,Firmin,masculine,neutral,contradiction,1,0,1,0,1,0.38335758447647095,0.5014668107032776,0.11810922622680664,0.11810922622680664,0.13274230435490608
2028,FLEXID-0097,FLEXID-0097__name_01,neutral,Martin,Lucas,masculine,contradiction,contradiction,0,0,0,0,0,0.0904969573020935,0.08439482748508453,-0.006102129817008972,0.006102129817008972,0.007669486105442047
2028,FLEXID-0097,FLEXID-0097__name_02,neutral,Martin,Ruben,masculine,contradiction,contradiction,0,0,0,0,0,0.0904969573020935,0.11170259118080139,0.021205633878707886,0.021205633878707886,0.021205678582191467
2028,FLEXID-0097,FLEXID-0097__name_03,neutral,Martin,Seojun,masculine,contradiction,contradiction,0,0,0,0,0,0.0904969573020935,0.1197061613202095,0.029209204018115997,0.029209204018115997,0.029209230095148087
2028,FLEXID-0097,FLEXID-0097__name_04,neutral,Martin,Diego,masculine,contradiction,contradiction,0,0,0,0,0,0.0904969573020935,0.10022296011447906,0.009726002812385559,0.009726002812385559,0.010584831237792969
2028,FLEXID-0128,FLEXID-0128__name_01,entailment,Sophie,Larissa,feminine,contradiction,contradiction,0,0,0,0,0,0.13278213143348694,0.12955449521541595,-0.003227636218070984,0.003227636218070984,0.010860409587621689
2028,FLEXID-0128,FLEXID-0128__name_02,entailment,Sophie,Mélisande,feminine,contradiction,contradiction,0,0,0,0,0,0.13278213143348694,0.14216579496860504,0.009383663535118103,0.009383663535118103,0.010986723005771637
2028,FLEXID-0128,FLEXID-0128__name_03,entailment,Sophie,Isaline,feminine,contradiction,contradiction,0,0,0,0,0,0.13278213143348694,0.1308109611272812,-0.0019711703062057495,0.0019711703062057495,0.006710179150104523
2028,FLEXID-0128,FLEXID-0128__name_04,entailment,Sophie,Maëlle,feminine,contradiction,contradiction,0,0,0,0,0,0.13278213143348694,0.1465463638305664,0.013764232397079468,0.013764232397079468,0.013764221221208572
2028,FLEXID-0163,FLEXID-0163__name_01,entailment,Rina,Mélisande,feminine,contradiction,contradiction,0,0,0,0,0,0.14942914247512817,0.23670706152915955,0.08727791905403137,0.08727791905403137,0.0872778557240963
2028,FLEXID-0163,FLEXID-0163__name_02,entailment,Rina,Montserrat,feminine,contradiction,contradiction,0,0,0,0,0,0.14942914247512817,0.16114963591098785,0.01172049343585968,0.01172049343585968,0.012030556797981262
2028,FLEXID-0163,FLEXID-0163__name_03,entailment,Rina,Ximena,feminine,contradiction,contradiction,0,0,0,0,0,0.14942914247512817,0.1968780905008316,0.04744894802570343,0.04744894802570343,0.04744887724518776
2028,FLEXID-0163,FLEXID-0163__name_04,entailment,Rina,Frida,feminine,contradiction,contradiction,0,0,0,0,0,0.14942914247512817,0.16426719725131989,0.014838054776191711,0.014838054776191711,0.014837980270385742
2028,FLEXID-0165,FLEXID-0165__name_01,neutral,Nari,Meryem,feminine,neutral,neutral,0,1,1,0,0,0.9751881957054138,0.9747870564460754,-0.0004011392593383789,0.0004011392593383789,0.0004011604469269514
2028,FLEXID-0165,FLEXID-0165__name_02,neutral,Nari,Lucie,feminine,neutral,neutral,0,1,1,0,0,0.9751881957054138,0.9751450419425964,-4.315376281738281e-05,4.315376281738281e-05,4.3158186599612236e-05
2028,FLEXID-0165,FLEXID-0165__name_03,neutral,Nari,Aliénor,feminine,neutral,neutral,0,1,1,0,0,0.9751881957054138,0.9749482870101929,-0.00023990869522094727,0.00023990869522094727,0.00023991474881768227
2028,FLEXID-0165,FLEXID-0165__name_04,neutral,Nari,Manuela,feminine,neutral,neutral,0,1,1,0,0,0.9751881957054138,0.9752664566040039,7.826089859008789e-05,7.826089859008789e-05,9.47113148868084e-05
2028,FLEXID-0182,FLEXID-0182__name_01,neutral,Julien,Zéphyr,masculine,neutral,neutral,0,1,1,0,0,0.7867285013198853,0.7730607390403748,-0.013667762279510498,0.013667762279510498,0.013667714782059193
2028,FLEXID-0182,FLEXID-0182__name_02,neutral,Julien,Bruno,masculine,neutral,neutral,0,1,1,0,0,0.7867285013198853,0.7946065664291382,0.00787806510925293,0.00787806510925293,0.007878086529672146
2028,FLEXID-0182,FLEXID-0182__name_03,neutral,Julien,Andrés,masculine,neutral,neutral,0,1,1,0,0,0.7867285013198853,0.7829365134239197,-0.003791987895965576,0.003791987895965576,0.0037919441238045692
2028,FLEXID-0182,FLEXID-0182__name_04,neutral,Julien,Idrissa,masculine,neutral,neutral,0,1,1,0,0,0.7867285013198853,0.7762958407402039,-0.010432660579681396,0.010432660579681396,0.010432609356939793
2028,FLEXID-0228,FLEXID-0228__name_01,entailment,Amine,Thomas,masculine,entailment,entailment,0,1,1,0,0,0.7967623472213745,0.7990744113922119,0.0023120641708374023,0.0023120641708374023,0.00231209397315979
2028,FLEXID-0228,FLEXID-0228__name_02,entailment,Amine,Nadir,masculine,entailment,entailment,0,1,1,0,0,0.7967623472213745,0.7844161987304688,-0.012346148490905762,0.012346148490905762,0.012422592379152775
2028,FLEXID-0228,FLEXID-0228__name_03,entailment,Amine,Hans,masculine,entailment,entailment,0,1,1,0,0,0.7967623472213745,0.7868699431419373,-0.009892404079437256,0.009892404079437256,0.010039214976131916
2028,FLEXID-0228,FLEXID-0228__name_04,entailment,Amine,Laurent,masculine,entailment,entailment,0,1,1,0,0,0.7967623472213745,0.7988588809967041,0.00209653377532959,0.00209653377532959,0.0020965617150068283
2028,FLEXID-0229,FLEXID-0229__name_01,neutral,Amine,Sami,masculine,neutral,neutral,0,1,1,0,0,0.9382191300392151,0.9514492154121399,0.013230085372924805,0.013230085372924805,0.01323005324229598
2028,FLEXID-0229,FLEXID-0229__name_02,neutral,Amine,Jean,masculine,neutral,neutral,0,1,1,0,0,0.9382191300392151,0.9397542476654053,0.0015351176261901855,0.0015351176261901855,0.0015351022593677044
2028,FLEXID-0229,FLEXID-0229__name_03,neutral,Amine,Balthazar,masculine,neutral,neutral,0,1,1,0,0,0.9382191300392151,0.9087605476379395,-0.029458582401275635,0.029458582401275635,0.029458570759743452
2028,FLEXID-0229,FLEXID-0229__name_04,neutral,Amine,Donghyun,masculine,neutral,neutral,0,1,1,0,0,0.9382191300392151,0.9175382256507874,-0.020680904388427734,0.020680904388427734,0.02068087225779891
2028,FLEXID-0253,FLEXID-0253__name_01,entailment,Hyunwoo,Walid,masculine,entailment,entailment,0,1,1,0,0,0.8221129775047302,0.817461371421814,-0.00465160608291626,0.00465160608291626,0.0046515632420778275
2028,FLEXID-0253,FLEXID-0253__name_02,entailment,Hyunwoo,Marcel,masculine,entailment,entailment,0,1,1,0,0,0.8221129775047302,0.8240054845809937,0.0018925070762634277,0.0018925070762634277,0.0018924996256828308
2028,FLEXID-0253,FLEXID-0253__name_03,entailment,Hyunwoo,Marwan,masculine,entailment,entailment,0,1,1,0,0,0.8221129775047302,0.8165398836135864,-0.005573093891143799,0.005573093891143799,0.005573038011789322
2028,FLEXID-0253,FLEXID-0253__name_04,entailment,Hyunwoo,Souleymane,masculine,entailment,entailment,0,1,1,0,0,0.8221129775047302,0.8171823620796204,-0.004930615425109863,0.004930615425109863,0.005239599384367466
2028,FLEXID-0254,FLEXID-0254__name_01,contradiction,Bertrand,Adil,masculine,contradiction,contradiction,0,1,1,0,0,0.7896094918251038,0.7861897349357605,-0.0034197568893432617,0.0034197568893432617,0.007271703332662582
2028,FLEXID-0254,FLEXID-0254__name_02,contradiction,Bertrand,Gautier,masculine,contradiction,contradiction,0,1,1,0,0,0.7896094918251038,0.7918376922607422,0.0022282004356384277,0.0022282004356384277,0.012145567685365677
2028,FLEXID-0254,FLEXID-0254__name_03,contradiction,Bertrand,Samy,masculine,contradiction,contradiction,0,1,1,0,0,0.7896094918251038,0.783355712890625,-0.00625377893447876,0.00625377893447876,0.014782391488552094
2028,FLEXID-0254,FLEXID-0254__name_04,contradiction,Bertrand,Youssef,masculine,contradiction,contradiction,0,1,1,0,0,0.7896094918251038,0.7806153297424316,-0.00899416208267212,0.00899416208267212,0.02622612752020359
2028,FLEXID-0255,FLEXID-0255__name_01,neutral,Hélène,Abena,feminine,neutral,neutral,0,1,1,0,0,0.8937790393829346,0.9020991921424866,0.008320152759552002,0.008320152759552002,0.008320169057697058
2028,FLEXID-0255,FLEXID-0255__name_02,neutral,Hélène,Daphné,feminine,neutral,neutral,0,1,1,0,0,0.8937790393829346,0.9025028944015503,0.008723855018615723,0.008723855018615723,0.008723833598196507
2028,FLEXID-0255,FLEXID-0255__name_03,neutral,Hélène,Ariane,feminine,neutral,neutral,0,1,1,0,0,0.8937790393829346,0.9038057327270508,0.010026693344116211,0.010026693344116211,0.010026727337390184
2028,FLEXID-0255,FLEXID-0255__name_04,neutral,Hélène,Eugénie,feminine,neutral,neutral,0,1,1,0,0,0.8937790393829346,0.9031240344047546,0.009344995021820068,0.009344995021820068,0.009344985242933035
2028,FLEXID-0307,FLEXID-0307__name_01,contradiction,Adam,Émile,masculine,contradiction,contradiction,0,1,1,0,0,0.6100689172744751,0.5826532244682312,-0.027415692806243896,0.027415692806243896,0.030225186608731747
2028,FLEXID-0307,FLEXID-0307__name_02,contradiction,Adam,Seungwoo,masculine,contradiction,contradiction,0,1,1,0,0,0.6100689172744751,0.5554413199424744,-0.05462759733200073,0.05462759733200073,0.05979578383266926
2028,FLEXID-0307,FLEXID-0307__name_03,contradiction,Adam,Hector,masculine,contradiction,contradiction,0,1,1,0,0,0.6100689172744751,0.5942010879516602,-0.01586782932281494,0.01586782932281494,0.017976978793740273
2028,FLEXID-0307,FLEXID-0307__name_04,contradiction,Adam,Marius,masculine,contradiction,contradiction,0,1,1,0,0,0.6100689172744751,0.5858268141746521,-0.024242103099822998,0.024242103099822998,0.026964426040649414
2028,FLEXID-0308,FLEXID-0308__name_01,neutral,Noé,Dongmin,masculine,entailment,entailment,0,0,0,0,0,0.03927045315504074,0.0412369929254055,0.0019665397703647614,0.0019665397703647614,0.007020534947514534
2028,FLEXID-0308,FLEXID-0308__name_02,neutral,Noé,Valentin,masculine,entailment,entailment,0,0,0,0,0,0.03927045315504074,0.03949667513370514,0.0002262219786643982,0.0002262219786643982,0.00040663406252861023
2028,FLEXID-0308,FLEXID-0308__name_03,neutral,Noé,Zinedine,masculine,entailment,entailment,0,0,0,0,0,0.03927045315504074,0.040384478867053986,0.0011140257120132446,0.0011140257120132446,0.004486456513404846
2028,FLEXID-0308,FLEXID-0308__name_04,neutral,Noé,Kota,masculine,entailment,entailment,0,0,0,0,0,0.03927045315504074,0.04366832971572876,0.004397876560688019,0.004397876560688019,0.012832742184400558
2028,FLEXID-0321,FLEXID-0321__name_01,entailment,Hamza,Anis,masculine,entailment,entailment,0,1,1,0,0,0.5829775929450989,0.6015081405639648,0.018530547618865967,0.018530547618865967,0.018530585803091526
2028,FLEXID-0321,FLEXID-0321__name_02,entailment,Hamza,Rodrigo,masculine,entailment,entailment,0,1,1,0,0,0.5829775929450989,0.6341686844825745,0.051191091537475586,0.051191091537475586,0.05119109991937876
2028,FLEXID-0321,FLEXID-0321__name_03,entailment,Hamza,Pierrick,masculine,entailment,entailment,0,1,1,0,0,0.5829775929450989,0.6193900108337402,0.03641241788864136,0.03641241788864136,0.036412427201867104
2028,FLEXID-0321,FLEXID-0321__name_04,entailment,Hamza,Firmin,masculine,entailment,entailment,0,1,1,0,0,0.5829775929450989,0.611488938331604,0.028511345386505127,0.028511345386505127,0.028511367738246918
2028,FLEXID-0323,FLEXID-0323__name_01,neutral,Salissou,Zakaria,masculine,neutral,neutral,0,1,1,0,0,0.8345517516136169,0.8424634337425232,0.00791168212890625,0.00791168212890625,0.007911661174148321
2028,FLEXID-0323,FLEXID-0323__name_02,neutral,Salissou,Julien,masculine,neutral,neutral,0,1,1,0,0,0.8345517516136169,0.7732169032096863,-0.061334848403930664,0.061334848403930664,0.06133482605218887
2028,FLEXID-0323,FLEXID-0323__name_03,neutral,Salissou,Kaito,masculine,neutral,neutral,0,1,1,0,0,0.8345517516136169,0.8604828119277954,0.025931060314178467,0.025931060314178467,0.025931052397936583
2028,FLEXID-0323,FLEXID-0323__name_04,neutral,Salissou,Amaury,masculine,neutral,neutral,0,1,1,0,0,0.8345517516136169,0.7576698064804077,-0.07688194513320923,0.07688194513320923,0.0768819497898221
2028,FLEXID-0355,FLEXID-0355__name_01,contradiction,Nadir,Benoît,masculine,contradiction,contradiction,0,1,1,0,0,0.7575139403343201,0.759395956993103,0.001882016658782959,0.001882016658782959,0.016879141330718994
2028,FLEXID-0355,FLEXID-0355__name_02,contradiction,Nadir,Emiliano,masculine,contradiction,contradiction,0,1,1,0,0,0.7575139403343201,0.7489755153656006,-0.008538424968719482,0.008538424968719482,0.0322473980486393
2028,FLEXID-0355,FLEXID-0355__name_03,contradiction,Nadir,Anis,masculine,contradiction,contradiction,0,1,1,0,0,0.7575139403343201,0.7479915618896484,-0.00952237844467163,0.00952237844467163,0.03671228513121605
2028,FLEXID-0355,FLEXID-0355__name_04,contradiction,Nadir,Donghyun,masculine,contradiction,contradiction,0,1,1,0,0,0.7575139403343201,0.7238644957542419,-0.033649444580078125,0.033649444580078125,0.07401695474982262
2028,FLEXID-0356,FLEXID-0356__name_01,neutral,Beatriz,Imane,feminine,neutral,neutral,0,1,1,0,0,0.9716479778289795,0.9726948738098145,0.001046895980834961,0.001046895980834961,0.0010469486005604267
2028,FLEXID-0356,FLEXID-0356__name_02,neutral,Beatriz,Victoire,feminine,neutral,neutral,0,1,1,0,0,0.9716479778289795,0.9737198352813721,0.002071857452392578,0.002071857452392578,0.0020718914456665516
2028,FLEXID-0356,FLEXID-0356__name_03,neutral,Beatriz,Héloïse,feminine,neutral,neutral,0,1,1,0,0,0.9716479778289795,0.9726040959358215,0.000956118106842041,0.000956118106842041,0.0009561581537127495
2028,FLEXID-0356,FLEXID-0356__name_04,neutral,Beatriz,Shiori,feminine,neutral,neutral,0,1,1,0,0,0.9716479778289795,0.9725708961486816,0.0009229183197021484,0.0009229183197021484,0.0009229374118149281
2028,FLEXID-0364,FLEXID-0364__name_01,contradiction,Malik,Youssef,masculine,contradiction,contradiction,0,1,1,0,0,0.7235609889030457,0.7069389820098877,-0.01662200689315796,0.01662200689315796,0.025871356949210167
2028,FLEXID-0364,FLEXID-0364__name_02,contradiction,Malik,Amine,masculine,contradiction,contradiction,0,1,1,0,0,0.7235609889030457,0.7108146548271179,-0.012746334075927734,0.012746334075927734,0.020454050973057747
2028,FLEXID-0364,FLEXID-0364__name_03,contradiction,Malik,Thomas,masculine,contradiction,contradiction,0,1,1,0,0,0.7235609889030457,0.725448727607727,0.0018877387046813965,0.0018877387046813965,0.002219010144472122
2028,FLEXID-0364,FLEXID-0364__name_04,contradiction,Malik,Farid,masculine,contradiction,contradiction,0,1,1,0,0,0.7235609889030457,0.7215145826339722,-0.0020464062690734863,0.0020464062690734863,0.0038306452333927155
2028,FLEXID-0365,FLEXID-0365__name_01,neutral,Farid,Théodore,masculine,neutral,neutral,0,1,1,0,0,0.8406318426132202,0.8467676043510437,0.006135761737823486,0.006135761737823486,0.0061357636004686356
2028,FLEXID-0365,FLEXID-0365__name_02,neutral,Farid,Rémy,masculine,neutral,neutral,0,1,1,0,0,0.8406318426132202,0.8547934889793396,0.014161646366119385,0.014161646366119385,0.014161640778183937
2028,FLEXID-0365,FLEXID-0365__name_03,neutral,Farid,Nadir,masculine,neutral,neutral,0,1,1,0,0,0.8406318426132202,0.840294599533081,-0.00033724308013916016,0.00033724308013916016,0.0003372384235262871
2028,FLEXID-0365,FLEXID-0365__name_04,neutral,Farid,Benoît,masculine,neutral,neutral,0,1,1,0,0,0.8406318426132202,0.8496043086051941,0.008972465991973877,0.008972465991973877,0.008972481824457645
2028,FLEXID-0373,FLEXID-0373__name_01,entailment,Amine,Octave,masculine,entailment,entailment,0,1,1,0,0,0.8210428357124329,0.8204785585403442,-0.000564277172088623,0.000564277172088623,0.0005643218755722046
2028,FLEXID-0373,FLEXID-0373__name_02,entailment,Amine,Alejandro,masculine,entailment,entailment,0,1,1,0,0,0.8210428357124329,0.8184566497802734,-0.002586185932159424,0.002586185932159424,0.0025862054899334908
2028,FLEXID-0373,FLEXID-0373__name_03,entailment,Amine,Takumi,masculine,entailment,entailment,0,1,1,0,0,0.8210428357124329,0.8180726170539856,-0.0029702186584472656,0.0029702186584472656,0.0029702577739953995
2028,FLEXID-0373,FLEXID-0373__name_04,entailment,Amine,Seojun,masculine,entailment,entailment,0,1,1,0,0,0.8210428357124329,0.8156955242156982,-0.005347311496734619,0.005347311496734619,0.005347344093024731
2028,FLEXID-0374,FLEXID-0374__name_01,contradiction,Sofia,Prisca,feminine,neutral,neutral,0,0,0,0,0,0.07540477067232132,0.08234276622533798,0.006937995553016663,0.006937995553016663,0.006937982048839331
2028,FLEXID-0374,FLEXID-0374__name_02,contradiction,Sofia,Aïssata,feminine,neutral,neutral,0,0,0,0,0,0.07540477067232132,0.11390352249145508,0.03849875181913376,0.03849875181913376,0.04055410996079445
2028,FLEXID-0374,FLEXID-0374__name_03,contradiction,Sofia,Yuna,feminine,neutral,neutral,0,0,0,0,0,0.07540477067232132,0.07603485137224197,0.0006300806999206543,0.0006300806999206543,0.0006300825625658035
2028,FLEXID-0374,FLEXID-0374__name_04,contradiction,Sofia,Diane,feminine,neutral,neutral,0,0,0,0,0,0.07540477067232132,0.07914549112319946,0.0037407204508781433,0.0037407204508781433,0.0037407008931040764
2028,FLEXID-0375,FLEXID-0375__name_01,neutral,Ximena,Akari,feminine,neutral,neutral,0,1,1,0,0,0.9739698171615601,0.9737645983695984,-0.00020521879196166992,0.00020521879196166992,0.00020521413534879684
2028,FLEXID-0375,FLEXID-0375__name_02,neutral,Ximena,Gloria,feminine,neutral,neutral,0,1,1,0,0,0.9739698171615601,0.9738441705703735,-0.00012564659118652344,0.00012564659118652344,0.0001256330870091915
2028,FLEXID-0375,FLEXID-0375__name_03,neutral,Ximena,Isaline,feminine,neutral,neutral,0,1,1,0,0,0.9739698171615601,0.9735616445541382,-0.000408172607421875,0.000408172607421875,0.00040821777656674385
2028,FLEXID-0375,FLEXID-0375__name_04,neutral,Ximena,Meryem,feminine,neutral,neutral,0,1,1,0,0,0.9739698171615601,0.9738180637359619,-0.00015175342559814453,0.00015175342559814453,0.00015178928151726723
2028,FLEXID-0386,FLEXID-0386__name_01,contradiction,Minho,Justin,masculine,contradiction,contradiction,0,1,1,0,0,0.6821315884590149,0.6880866885185242,0.005955100059509277,0.005955100059509277,0.005955088883638382
2028,FLEXID-0386,FLEXID-0386__name_02,contradiction,Minho,Yacine,masculine,contradiction,contradiction,0,1,1,0,0,0.6821315884590149,0.6459855437278748,-0.03614604473114014,0.03614604473114014,0.04176636040210724
2028,FLEXID-0386,FLEXID-0386__name_03,contradiction,Minho,Enguerrand,masculine,contradiction,contradiction,0,1,1,0,0,0.6821315884590149,0.6621466279029846,-0.019984960556030273,0.019984960556030273,0.021722985431551933
2028,FLEXID-0386,FLEXID-0386__name_04,contradiction,Minho,Salim,masculine,contradiction,contradiction,0,1,1,0,0,0.6821315884590149,0.6772274374961853,-0.00490415096282959,0.00490415096282959,0.0066025108098983765
2028,FLEXID-0387,FLEXID-0387__name_01,neutral,Salma,Martine,feminine,neutral,neutral,0,1,1,0,0,0.879755973815918,0.8463194966316223,-0.033436477184295654,0.033436477184295654,0.03343651117756963
2028,FLEXID-0387,FLEXID-0387__name_02,neutral,Salma,Tainá,feminine,neutral,neutral,0,1,1,0,0,0.879755973815918,0.8703641295433044,-0.009391844272613525,0.009391844272613525,0.009391881059855223
2028,FLEXID-0387,FLEXID-0387__name_03,neutral,Salma,Héloïse,feminine,neutral,neutral,0,1,1,0,0,0.879755973815918,0.8134770393371582,-0.06627893447875977,0.06627893447875977,0.06627894937992096
2028,FLEXID-0387,FLEXID-0387__name_04,neutral,Salma,Linda,feminine,neutral,neutral,0,1,1,0,0,0.879755973815918,0.8812919855117798,0.0015360116958618164,0.0015360116958618164,0.0015360061079263687
2028,FLEXID-0445,FLEXID-0445__name_01,entailment,Sofia,Mahaut,feminine,contradiction,contradiction,0,0,0,0,0,0.20153293013572693,0.1291084587574005,-0.07242447137832642,0.07242447137832642,0.07242454588413239
2028,FLEXID-0445,FLEXID-0445__name_02,entailment,Sofia,Coline,feminine,contradiction,contradiction,0,0,0,0,0,0.20153293013572693,0.21924053132534027,0.017707601189613342,0.017707601189613342,0.017707563936710358
2028,FLEXID-0445,FLEXID-0445__name_03,entailment,Sofia,Joséphine,feminine,contradiction,contradiction,0,0,0,0,0,0.20153293013572693,0.2497931271791458,0.048260197043418884,0.048260197043418884,0.04826015792787075
2028,FLEXID-0445,FLEXID-0445__name_04,entailment,Sofia,Mathilde,feminine,contradiction,contradiction,0,0,0,0,0,0.20153293013572693,0.2214796543121338,0.01994672417640686,0.01994672417640686,0.019946709275245667
2028,FLEXID-0446,FLEXID-0446__name_01,contradiction,Felipe,Esteban,masculine,neutral,neutral,0,0,0,0,0,0.04031921923160553,0.038863640278577805,-0.0014555789530277252,0.0014555789530277252,0.0017472829204052687
2028,FLEXID-0446,FLEXID-0446__name_02,contradiction,Felipe,Émeric,masculine,neutral,neutral,0,0,0,0,0,0.04031921923160553,0.03846511244773865,-0.0018541067838668823,0.0018541067838668823,0.00228562718257308
2028,FLEXID-0446,FLEXID-0446__name_03,contradiction,Felipe,Wandrille,masculine,neutral,neutral,0,0,0,0,0,0.04031921923160553,0.03915296494960785,-0.0011662542819976807,0.0011662542819976807,0.0014931114856153727
2028,FLEXID-0446,FLEXID-0446__name_04,contradiction,Felipe,Minjun,masculine,neutral,neutral,0,0,0,0,0,0.04031921923160553,0.0396164171397686,-0.0007028020918369293,0.0007028020918369293,0.0008535648230463266
2028,FLEXID-0449,FLEXID-0449__name_01,contradiction,Momoka,Miyu,feminine,contradiction,contradiction,0,1,1,0,0,0.7643789052963257,0.7703369855880737,0.005958080291748047,0.005958080291748047,0.00692160427570343
2028,FLEXID-0449,FLEXID-0449__name_02,contradiction,Momoka,Aïssatou,feminine,contradiction,contradiction,0,1,1,0,0,0.7643789052963257,0.7579764723777771,-0.006402432918548584,0.006402432918548584,0.039693545550107956
2028,FLEXID-0449,FLEXID-0449__name_03,contradiction,Momoka,Déborah,feminine,contradiction,contradiction,0,1,1,0,0,0.7643789052963257,0.7634843587875366,-0.0008945465087890625,0.0008945465087890625,0.01956966519355774
2028,FLEXID-0449,FLEXID-0449__name_04,contradiction,Momoka,Yerin,feminine,contradiction,contradiction,0,1,1,0,0,0.7643789052963257,0.7689921259880066,0.004613220691680908,0.004613220691680908,0.012412410229444504
2028,FLEXID-0499,FLEXID-0499__name_01,entailment,Élodie,Muriel,feminine,entailment,entailment,0,1,1,0,0,0.811777651309967,0.8168137073516846,0.005036056041717529,0.005036056041717529,0.005036051385104656
2028,FLEXID-0499,FLEXID-0499__name_02,entailment,Élodie,Gaeun,feminine,entailment,entailment,0,1,1,0,0,0.811777651309967,0.6941798329353333,-0.11759781837463379,0.11759781837463379,0.11759781371802092
2028,FLEXID-0499,FLEXID-0499__name_03,entailment,Élodie,Nora,feminine,entailment,entailment,0,1,1,0,0,0.811777651309967,0.7974853515625,-0.014292299747467041,0.014292299747467041,0.014421709813177586
2028,FLEXID-0499,FLEXID-0499__name_04,entailment,Élodie,Débora,feminine,entailment,entailment,0,1,1,0,0,0.811777651309967,0.8127030730247498,0.0009254217147827148,0.0009254217147827148,0.0009254096075892448
2028,FLEXID-0500,FLEXID-0500__name_01,contradiction,Élodie,Chloé,feminine,entailment,entailment,0,0,0,0,0,0.17833147943019867,0.17493562400341034,-0.00339585542678833,0.00339585542678833,0.0035016173496842384
2028,FLEXID-0500,FLEXID-0500__name_02,contradiction,Élodie,Graziella,feminine,entailment,entailment,0,0,0,0,0,0.17833147943019867,0.17190802097320557,-0.006423458456993103,0.006423458456993103,0.006862056907266378
2028,FLEXID-0500,FLEXID-0500__name_03,contradiction,Élodie,Olympe,feminine,entailment,entailment,0,0,0,0,0,0.17833147943019867,0.2006174474954605,0.02228596806526184,0.02228596806526184,0.02242335118353367
2028,FLEXID-0500,FLEXID-0500__name_04,contradiction,Élodie,Yvette,feminine,entailment,entailment,0,0,0,0,0,0.17833147943019867,0.19420482218265533,0.015873342752456665,0.015873342752456665,0.016793635208159685
2028,FLEXID-0501,FLEXID-0501__name_01,neutral,Élodie,Prisca,feminine,entailment,entailment,0,0,0,0,0,0.023686403408646584,0.02059173956513405,-0.003094663843512535,0.003094663843512535,0.0030946237966418266
2028,FLEXID-0501,FLEXID-0501__name_02,neutral,Élodie,Sama,feminine,entailment,entailment,0,0,0,0,0,0.023686403408646584,0.021307583898305893,-0.0023788195103406906,0.0023788195103406906,0.006059608422219753
2028,FLEXID-0501,FLEXID-0501__name_03,neutral,Élodie,Itzel,feminine,entailment,entailment,0,0,0,0,0,0.023686403408646584,0.024073338136076927,0.00038693472743034363,0.00038693472743034363,0.0049970801919698715
2028,FLEXID-0501,FLEXID-0501__name_04,neutral,Élodie,Naomie,feminine,entailment,entailment,0,0,0,0,0,0.023686403408646584,0.023482386022806168,-0.00020401738584041595,0.00020401738584041595,0.005003768019378185
2028,FLEXID-0527,FLEXID-0527__name_01,contradiction,Élodie,Yvette,feminine,entailment,entailment,0,0,0,0,0,0.42135190963745117,0.37507835030555725,-0.04627355933189392,0.04627355933189392,0.04855522606521845
2028,FLEXID-0527,FLEXID-0527__name_02,contradiction,Élodie,Keiko,feminine,entailment,entailment,0,0,0,0,0,0.42135190963745117,0.4264143407344818,0.00506243109703064,0.00506243109703064,0.00566707830876112
2028,FLEXID-0527,FLEXID-0527__name_03,contradiction,Élodie,Bertille,feminine,entailment,entailment,0,0,0,0,0,0.42135190963745117,0.43210405111312866,0.01075214147567749,0.01075214147567749,0.010950381867587566
2028,FLEXID-0527,FLEXID-0527__name_04,contradiction,Élodie,Solène,feminine,entailment,entailment,0,0,0,0,0,0.42135190963745117,0.4189808964729309,-0.0023710131645202637,0.0023710131645202637,0.0024017048999667168
2028,FLEXID-0528,FLEXID-0528__name_01,neutral,Murilo,Bruno,masculine,neutral,neutral,0,1,1,0,0,0.9748354554176331,0.9751653075218201,0.0003298521041870117,0.0003298521041870117,0.0003298739902675152
2028,FLEXID-0528,FLEXID-0528__name_02,neutral,Murilo,Amir,masculine,neutral,neutral,0,1,1,0,0,0.9748354554176331,0.9744970202445984,-0.00033843517303466797,0.00033843517303466797,0.0003384184092283249
2028,FLEXID-0528,FLEXID-0528__name_03,neutral,Murilo,Adil,masculine,neutral,neutral,0,1,1,0,0,0.9748354554176331,0.9748114347457886,-2.4020671844482422e-05,2.4020671844482422e-05,3.2858457416296005e-05
2028,FLEXID-0528,FLEXID-0528__name_04,neutral,Murilo,Mateo,masculine,neutral,neutral,0,1,1,0,0,0.9748354554176331,0.9748842716217041,4.881620407104492e-05,4.881620407104492e-05,4.878779873251915e-05
2028,FLEXID-0562,FLEXID-0562__name_01,entailment,Chloé,Cecília,feminine,entailment,entailment,0,1,1,0,0,0.8326084017753601,0.8358712792396545,0.0032628774642944336,0.0032628774642944336,0.003262815997004509
2028,FLEXID-0562,FLEXID-0562__name_02,entailment,Chloé,Frida,feminine,entailment,entailment,0,1,1,0,0,0.8326084017753601,0.835058867931366,0.0024504661560058594,0.0024504661560058594,0.0024832990020513535
2028,FLEXID-0562,FLEXID-0562__name_03,entailment,Chloé,Soojin,feminine,entailment,entailment,0,1,1,0,0,0.8326084017753601,0.8364124298095703,0.003804028034210205,0.003804028034210205,0.0038040028885006905
2028,FLEXID-0562,FLEXID-0562__name_04,entailment,Chloé,Christine,feminine,entailment,entailment,0,1,1,0,0,0.8326084017753601,0.8332765102386475,0.0006681084632873535,0.0006681084632873535,0.0013932380825281143
2028,FLEXID-0593,FLEXID-0593__name_01,contradiction,Sofia,Bruna,feminine,contradiction,contradiction,0,1,1,0,0,0.7071061134338379,0.7233231067657471,0.01621699333190918,0.01621699333190918,0.02057107910513878
2028,FLEXID-0593,FLEXID-0593__name_02,contradiction,Sofia,Nadège,feminine,contradiction,contradiction,0,1,1,0,0,0.7071061134338379,0.7593915462493896,0.05228543281555176,0.05228543281555176,0.07108485698699951
2028,FLEXID-0593,FLEXID-0593__name_03,contradiction,Sofia,Juliana,feminine,contradiction,contradiction,0,1,1,0,0,0.7071061134338379,0.7351580262184143,0.028051912784576416,0.028051912784576416,0.037070080637931824
2028,FLEXID-0593,FLEXID-0593__name_04,contradiction,Sofia,Léonie,feminine,contradiction,contradiction,0,1,1,0,0,0.7071061134338379,0.752082347869873,0.044976234436035156,0.044976234436035156,0.060976650565862656
2028,FLEXID-0622,FLEXID-0622__name_01,entailment,Sofia,Félicie,feminine,contradiction,contradiction,0,0,0,0,0,0.2655687630176544,0.2995920777320862,0.03402331471443176,0.03402331471443176,0.03402329329401255
2028,FLEXID-0622,FLEXID-0622__name_02,entailment,Sofia,Momoka,feminine,contradiction,contradiction,0,0,0,0,0,0.2655687630176544,0.3789101541042328,0.11334139108657837,0.11334139108657837,0.1133413901552558
2028,FLEXID-0622,FLEXID-0622__name_03,entailment,Sofia,Naomie,feminine,contradiction,contradiction,0,0,0,0,0,0.2655687630176544,0.3872336745262146,0.12166491150856018,0.12166491150856018,0.12166491895914078
2028,FLEXID-0622,FLEXID-0622__name_04,entailment,Sofia,Béatrice,feminine,contradiction,contradiction,0,0,0,0,0,0.2655687630176544,0.3670156002044678,0.10144683718681335,0.10144683718681335,0.10144684091210365
2028,FLEXID-0623,FLEXID-0623__name_01,contradiction,Pacôme,Bilal,masculine,neutral,neutral,0,0,0,0,0,0.4012925624847412,0.3677227199077606,-0.03356984257698059,0.03356984257698059,0.036201098933815956
2028,FLEXID-0623,FLEXID-0623__name_02,contradiction,Pacôme,Felipe,masculine,neutral,neutral,0,0,0,0,0,0.4012925624847412,0.419070839881897,0.01777827739715576,0.01777827739715576,0.019353000447154045
2028,FLEXID-0623,FLEXID-0623__name_03,contradiction,Pacôme,Numa,masculine,neutral,neutral,0,0,0,0,0,0.4012925624847412,0.3581666350364685,-0.043125927448272705,0.043125927448272705,0.04722082149237394
2028,FLEXID-0623,FLEXID-0623__name_04,contradiction,Pacôme,Diego,masculine,neutral,neutral,0,0,0,0,0,0.4012925624847412,0.3417235314846039,-0.05956903100013733,0.05956903100013733,0.06421423424035311
2028,FLEXID-0796,FLEXID-0796__name_01,entailment,Yvette,Fabiana,feminine,entailment,entailment,0,1,1,0,0,0.6542323231697083,0.6793354749679565,0.02510315179824829,0.02510315179824829,0.02510316902771592
2028,FLEXID-0796,FLEXID-0796__name_02,entailment,Yvette,Félicie,feminine,entailment,entailment,0,1,1,0,0,0.6542323231697083,0.6185965538024902,-0.03563576936721802,0.03563576936721802,0.03563575632870197
2028,FLEXID-0796,FLEXID-0796__name_03,entailment,Yvette,Mariam,feminine,entailment,entailment,0,1,1,0,0,0.6542323231697083,0.6793705224990845,0.02513819932937622,0.02513819932937622,0.025138201657682657
2028,FLEXID-0796,FLEXID-0796__name_04,entailment,Yvette,Samia,feminine,entailment,entailment,0,1,1,0,0,0.6542323231697083,0.6366775035858154,-0.017554819583892822,0.017554819583892822,0.01755482517182827
2028,FLEXID-0798,FLEXID-0798__name_01,neutral,Donghyun,Hamza,masculine,neutral,neutral,0,1,1,0,0,0.9403375387191772,0.9519054889678955,0.011567950248718262,0.011567950248718262,0.011568014277145267
2028,FLEXID-0798,FLEXID-0798__name_02,neutral,Donghyun,Dimitri,masculine,neutral,neutral,0,1,1,0,0,0.9403375387191772,0.9501658082008362,0.009828269481658936,0.009828269481658936,0.009828308830037713
2028,FLEXID-0798,FLEXID-0798__name_03,neutral,Donghyun,Didier,masculine,neutral,neutral,0,1,1,0,0,0.9403375387191772,0.9538307785987854,0.013493239879608154,0.013493239879608154,0.013493261998519301
2028,FLEXID-0798,FLEXID-0798__name_04,neutral,Donghyun,Kilian,masculine,neutral,neutral,0,1,1,0,0,0.9403375387191772,0.9516869187355042,0.011349380016326904,0.011349380016326904,0.011349401203915477
2028,FLEXID-0868,FLEXID-0868__name_01,entailment,Juliette,Aïcha,feminine,entailment,entailment,0,1,1,0,0,0.8628471493721008,0.8569073677062988,-0.005939781665802002,0.005939781665802002,0.006114254705607891
2028,FLEXID-0868,FLEXID-0868__name_02,entailment,Juliette,Yejin,feminine,entailment,entailment,0,1,1,0,0,0.8628471493721008,0.8598871231079102,-0.002960026264190674,0.002960026264190674,0.0038303816691040993
2028,FLEXID-0868,FLEXID-0868__name_03,entailment,Juliette,Flavie,feminine,entailment,entailment,0,1,1,0,0,0.8628471493721008,0.8631539940834045,0.00030684471130371094,0.00030684471130371094,0.000658784992992878
2028,FLEXID-0868,FLEXID-0868__name_04,entailment,Juliette,Yuna,feminine,entailment,entailment,0,1,1,0,0,0.8628471493721008,0.8614650368690491,-0.0013821125030517578,0.0013821125030517578,0.0014929939061403275
2028,FLEXID-0869,FLEXID-0869__name_01,contradiction,Sofia,Aline,feminine,contradiction,contradiction,0,1,1,0,0,0.5624110102653503,0.5062870979309082,-0.05612391233444214,0.05612391233444214,0.0616175951436162
2028,FLEXID-0869,FLEXID-0869__name_02,contradiction,Sofia,Christine,feminine,contradiction,contradiction,0,1,1,0,0,0.5624110102653503,0.541230320930481,-0.021180689334869385,0.021180689334869385,0.024128051474690437
2028,FLEXID-0869,FLEXID-0869__name_03,contradiction,Sofia,Marina,feminine,contradiction,contradiction,0,1,1,0,0,0.5624110102653503,0.5387730002403259,-0.023638010025024414,0.023638010025024414,0.02620397601276636
2028,FLEXID-0869,FLEXID-0869__name_04,contradiction,Sofia,Léonie,feminine,contradiction,contradiction,0,1,1,0,0,0.5624110102653503,0.4892481565475464,-0.07316285371780396,0.07316285371780396,0.07837375998497009
2028,FLEXID-0870,FLEXID-0870__name_01,neutral,Sakura,Tomoko,feminine,neutral,neutral,0,1,1,0,0,0.9621416330337524,0.9635360240936279,0.0013943910598754883,0.0013943910598754883,0.0013943812809884548
2028,FLEXID-0870,FLEXID-0870__name_02,neutral,Sakura,Araceli,feminine,neutral,neutral,0,1,1,0,0,0.9621416330337524,0.9581090807914734,-0.004032552242279053,0.004032552242279053,0.004032591357827187
2028,FLEXID-0870,FLEXID-0870__name_03,neutral,Sakura,Roxane,feminine,neutral,neutral,0,1,1,0,0,0.9621416330337524,0.9588308930397034,-0.0033107399940490723,0.0033107399940490723,0.00331073603592813
2028,FLEXID-0870,FLEXID-0870__name_04,neutral,Sakura,Solange,feminine,neutral,neutral,0,1,1,0,0,0.9621416330337524,0.9605427384376526,-0.0015988945960998535,0.0015988945960998535,0.0015989202074706554
2028,FLEXID-0871,FLEXID-0871__name_01,entailment,Andrés,Idriss,masculine,entailment,entailment,0,1,1,0,0,0.85032057762146,0.8503903746604919,6.979703903198242e-05,6.979703903198242e-05,0.0014078263193368912
2028,FLEXID-0871,FLEXID-0871__name_02,entailment,Andrés,Kaito,masculine,entailment,entailment,0,1,1,0,0,0.85032057762146,0.8498634099960327,-0.0004571676254272461,0.0004571676254272461,0.0011761104688048363
2028,FLEXID-0871,FLEXID-0871__name_03,entailment,Andrés,Abel,masculine,entailment,entailment,0,1,1,0,0,0.85032057762146,0.8425993323326111,-0.007721245288848877,0.007721245288848877,0.0077212415635585785
2028,FLEXID-0871,FLEXID-0871__name_04,entailment,Andrés,Haruto,masculine,entailment,entailment,0,1,1,0,0,0.85032057762146,0.8531685471534729,0.0028479695320129395,0.0028479695320129395,0.004804174415767193
2028,FLEXID-0872,FLEXID-0872__name_01,contradiction,Soojin,Martine,feminine,contradiction,contradiction,0,1,1,0,0,0.6168259978294373,0.6677444577217102,0.05091845989227295,0.05091845989227295,0.056271445006132126
2028,FLEXID-0872,FLEXID-0872__name_02,contradiction,Soojin,Aïssatou,feminine,contradiction,contradiction,0,1,1,0,0,0.6168259978294373,0.5781334042549133,-0.038692593574523926,0.038692593574523926,0.04249131120741367
2028,FLEXID-0872,FLEXID-0872__name_03,contradiction,Soojin,Estelle,feminine,contradiction,contradiction,0,1,1,0,0,0.6168259978294373,0.6380531191825867,0.021227121353149414,0.021227121353149414,0.024085164070129395
2028,FLEXID-0872,FLEXID-0872__name_04,contradiction,Soojin,Irène,feminine,contradiction,contradiction,0,1,1,0,0,0.6168259978294373,0.6955087780952454,0.0786827802658081,0.0786827802658081,0.09159396588802338
2028,FLEXID-0913,FLEXID-0913__name_01,entailment,Mariana,Adelaïde,feminine,contradiction,contradiction,0,0,0,0,0,0.43490365147590637,0.4420325756072998,0.007128924131393433,0.007128924131393433,0.007128886878490448
2028,FLEXID-0913,FLEXID-0913__name_02,entailment,Mariana,Citlali,feminine,contradiction,contradiction,0,0,0,0,0,0.43490365147590637,0.30610376596450806,-0.12879988551139832,0.12879988551139832,0.1287999525666237
2028,FLEXID-0913,FLEXID-0913__name_03,entailment,Mariana,Mathilde,feminine,contradiction,entailment,1,0,1,0,1,0.43490365147590637,0.4598727226257324,0.02496907114982605,0.02496907114982605,0.02496902272105217
2028,FLEXID-0913,FLEXID-0913__name_04,entailment,Mariana,Dorcas,feminine,contradiction,contradiction,0,0,0,0,0,0.43490365147590637,0.3505305051803589,-0.08437314629554749,0.08437314629554749,0.08437318354845047
